customer_id,gender,age,region,city,income_band,acquisition_channel,first_purchase_date,last_purchase_date,number_of_orders,total_spent,average_ticket,discount_usage_rate,returns_rate,app_sessions,email_open_rate,email_click_rate,sms_response_rate,loyalty_tier,campaign_exposure_count,campaign_conversion_rate,days_since_last_purchase,category_preference,churn_flag,churn_risk_score,estimated_ltv,order_count,first_order_date,last_order_date,gross_revenue,discount_total,net_revenue,avg_order_value,item_count,total_quantity,interaction_count,response_count,conversion_count,ticket_count,avg_satisfaction,avg_resolution_time_hours,digital_events_count,app_open_count,add_to_cart_count,checkout_start_count,purchase_event_count,avg_session_duration,avg_page_views,repeat_purchase_rate,response_rate,conversion_rate_from_interactions,digital_engagement_index,campaign_fatigue_index
CUST-0000001,M,22,Sudeste,Vitória,6k-10k,influencer,2024-02-15,2025-10-11,1,455.27,455.27,0.074,0.007,32,0.092,0.03,0.138,bronze,32,0.009,81,activewear,0,0.4807,519.3,1,2025-10-11,2025-10-11,529.7,74.43,455.27,455.27,2,4,8,1,0,1,5.0,13.7,16,2,6,3,0,4.600625,7.0,0.0,0.125,0.0,0.50225625,0.6576301369863014
CUST-0000002,M,45,Centro-Oeste,Goiânia,10k-20k,search,2023-01-01,2025-12-08,3,5842.8,1168.56,0.0,0.036,0,0.583,0.162,0.172,gold,24,0.16,23,dresses,0,0.1837,8897.18,5,2023-05-02,2025-12-08,6843.3,1000.5,5842.799999999999,1168.56,26,41,13,1,0,0,,,39,5,16,9,6,7.076923076923077,6.794871794871795,0.8,0.07692307692307693,0.0,0.5348717948717948,0.32756164383561637
CUST-0000003,F,40,Nordeste,Natal,3k-6k,paid_social,2025-06-08,2025-12-24,2,64.77,64.77,0.675,0.0,0,0.229,0.09,0.302,bronze,29,0.067,7,outerwear,0,0.4287,193.75,1,2025-12-24,2025-12-24,87.45,22.68,64.77,64.77,1,1,10,3,0,0,,,16,0,6,3,0,4.93,8.125,0.0,0.3,0.0,0.4743,0.5153013698630136
CUST-0000004,F,62,Sudeste,Campinas,6k-10k,store,2023-12-10,2025-11-30,8,11101.99,1586.0,0.037,0.156,0,0.11,,0.108,silver,19,0.058,31,bottoms,0,0.2695,16646.13,7,2024-02-05,2025-11-30,12155.73,1053.74,11101.99,1585.9985714285715,41,60,12,2,0,0,,,20,2,4,1,0,4.0495,7.2,0.8571428571428571,0.16666666666666666,0.0,0.45549500000000004,0.3321917808219178
CUST-0000005,F,41,Centro-Oeste,Goiânia,10k-20k,search,2023-11-01,2025-12-18,8,3788.77,757.75,0.0,0.002,5,0.736,0.133,0.257,platinum,23,0.157,13,bottoms,0,0.0503,6112.44,5,2024-01-27,2025-12-18,4021.75,232.98000000000002,3788.77,757.754,16,24,15,5,0,1,4.0,9.84,29,6,12,8,4,7.667931034482759,8.068965517241379,0.8,0.3333333333333333,0.0,0.5611620689655172,0.30727397260273975
CUST-0000006,F,40,Norte,Porto Velho,Até 3k,social_commerce,2024-04-12,2025-06-21,2,158.88,158.88,0.0,0.0,0,0.244,0.105,0.526,bronze,28,0.007,193,bottoms,1,0.6426,277.82,1,2025-06-21,2025-06-21,219.43,60.55,158.88,158.88,1,1,8,0,0,0,,,9,1,3,2,0,4.966666666666667,3.4444444444444446,0.0,0.0,0.0,0.4941111111111111,0.6164520547945206
CUST-0000007,F,34,Sudeste,Belo Horizonte,3k-6k,organic,2024-04-06,2025-11-30,4,1514.94,757.47,0.0,0.104,44,0.199,0.07,0.238,bronze,6,0.098,31,dresses,0,0.2864,2058.06,2,2025-04-05,2025-11-30,1891.13,376.19,1514.94,757.47,7,11,8,0,0,0,,,14,1,5,3,1,5.910000000000001,8.071428571428571,0.5,0.0,0.0,0.4983857142857143,0.0321917808219178
CUST-0000008,M,45,Norte,Porto Velho,6k-10k,organic,2023-02-23,2025-11-14,4,3470.53,1156.84,0.54,0.031,0,0.529,0.129,0.117,bronze,19,0.035,47,accessories,0,0.3227,5045.73,3,2023-03-30,2025-11-14,4487.63,1017.0999999999999,3470.5299999999997,1156.8433333333332,14,23,13,1,0,0,,,18,5,6,3,0,4.738333333333333,5.944444444444445,0.6666666666666666,0.07692307692307693,0.0,0.5334944444444444,0.3604520547945205
CUST-0000009,F,43,Sudeste,Rio de Janeiro,10k-20k,store,2023-01-05,2025-11-16,14,5582.68,620.3,0.0,0.0,0,0.523,0.18,0.224,platinum,16,0.124,45,tops,0,0.1418,8993.72,9,2023-03-31,2025-11-16,6033.68,451.0,5582.68,620.2977777777778,22,34,9,3,0,0,,,37,6,14,9,6,7.3175675675675675,7.945945945945946,0.8888888888888888,0.3333333333333333,0.0,0.5393918918918919,0.2107945205479452
CUST-0000010,F,50,Centro-Oeste,Cuiabá,3k-6k,store,2023-01-24,2025-11-27,4,10453.22,1493.32,0.0,0.0,0,0.256,0.062,0.219,gold,6,0.107,34,dresses,0,0.1627,16360.42,7,2023-01-31,2025-11-27,12135.789999999999,1682.57,10453.22,1493.3171428571427,47,73,14,2,0,0,,,36,7,19,11,5,8.581666666666667,8.944444444444445,0.8571428571428571,0.14285714285714285,0.0,0.5899833333333333,0.02417808219178082
CUST-0000011,M,30,Nordeste,Fortaleza,3k-6k,store,2023-05-12,2025-11-01,6,2205.47,1102.74,0.237,0.0,0,0.369,0.074,0.565,bronze,20,0.062,60,outerwear,0,0.4297,2708.45,2,2023-08-19,2025-11-01,2598.62,393.15,2205.4700000000003,1102.7350000000001,12,14,13,3,0,2,3.42,7.91,14,0,5,3,2,5.0,7.928571428571429,0.5,0.23076923076923078,0.0,0.4714285714285714,0.3577260273972603
CUST-0000012,M,31,Nordeste,Natal,Até 3k,paid_social,2024-07-17,2025-11-09,1,334.28,334.28,0.256,0.0,11,0.396,0.08,0.227,bronze,13,0.03,52,activewear,0,0.5152,419.6,1,2025-11-09,2025-11-09,334.28,0.0,334.28,334.28,1,2,4,0,0,0,,,7,1,3,3,1,4.857142857142857,3.7142857142857144,0.0,0.0,0.0,0.52,0.24709589041095892
CUST-0000013,F,31,Sudeste,Belo Horizonte,6k-10k,store,2023-02-04,2025-12-18,6,5739.53,956.59,0.0,0.0,0,0.316,0.077,0.129,silver,38,0.114,13,accessories,0,0.2118,8781.11,6,2023-02-10,2025-12-18,6510.1,770.57,5739.53,956.5883333333333,28,42,11,2,0,0,,,12,1,6,5,0,4.975833333333333,7.75,0.8333333333333334,0.18181818181818182,0.0,0.5205916666666667,0.6502739726027398
CUST-0000014,M,45,Norte,Porto Velho,3k-6k,search,2024-08-20,2025-11-20,1,269.31,269.31,0.425,0.2,17,0.107,0.019,0.354,bronze,22,0.046,41,outerwear,0,0.4977,352.24,1,2025-11-20,2025-11-20,329.37,60.06,269.31,269.31,1,1,9,1,0,0,,,13,0,4,3,0,4.99,7.461538461538462,0.0,0.1111111111111111,0.0,0.4614384615384615,0.4074794520547945
CUST-0000015,M,52,Sudeste,São Paulo,6k-10k,influencer,2023-01-01,2025-11-07,7,7581.13,1263.52,0.349,0.0,0,0.422,0.189,0.292,gold,31,0.137,54,activewear,0,0.3003,11350.8,6,2023-05-16,2025-11-07,9388.82,1807.69,7581.13,1263.5216666666668,36,54,15,4,0,0,,,37,7,16,7,1,7.021891891891892,7.162162162162162,0.8333333333333334,0.26666666666666666,0.0,0.5540027027027027,0.5007534246575343
CUST-0000016,M,31,Sudeste,São Paulo,3k-6k,paid_social,2023-12-29,2025-12-17,8,6205.46,1034.24,0.22,0.056,0,0.678,0.157,0.151,bronze,16,0.048,14,shoes,0,0.2438,9373.2,6,2024-03-20,2025-12-17,6713.18,507.72,6205.46,1034.2433333333333,25,42,11,2,0,0,,,15,2,9,4,0,3.1599999999999997,6.066666666666666,0.8333333333333334,0.18181818181818182,0.0,0.5349333333333333,0.2766027397260274
CUST-0000017,F,31,Sudeste,Belo Horizonte,10k-20k,organic,2023-01-01,2025-11-07,4,5338.19,1334.55,0.372,0.041,0,0.34,0.143,0.146,gold,26,0.126,54,dresses,0,0.3132,7573.14,4,2023-10-30,2025-11-07,6443.5,1105.31,5338.1900000000005,1334.5475000000001,24,36,14,4,0,2,3.585,29.73,31,2,13,6,2,7.34,6.870967741935484,0.75,0.2857142857142857,0.0,0.5234,0.4117534246575343
CUST-0000018,F,39,Nordeste,Fortaleza,20k+,influencer,2023-12-23,2025-09-25,9,1915.04,638.35,0.0,0.016,0,0.438,0.135,0.069,platinum,12,0.154,97,dresses,0,0.195,2822.11,3,2024-04-03,2025-09-25,2102.66,187.62,1915.04,638.3466666666667,9,12,11,7,2,0,,,25,3,8,5,5,7.6,7.24,0.6666666666666666,0.6363636363636364,0.18181818181818182,0.52,0.1178904109589041
CUST-0000019,M,33,Sudeste,Vitória,Até 3k,influencer,2024-09-01,2025-11-02,2,1501.63,1501.63,0.209,0.0,7,0.229,0.079,0.417,bronze,33,0.0,59,dresses,0,0.4799,1378.73,1,2025-11-02,2025-11-02,1770.73,269.1,1501.63,1501.63,8,11,10,2,0,1,4.92,13.77,13,2,2,0,0,4.263076923076923,6.384615384615385,0.0,0.2,0.0,0.46186153846153843,0.6793972602739726
CUST-0000020,F,46,Centro-Oeste,Goiânia,10k-20k,store,2023-08-16,2025-12-24,6,3470.51,1156.84,0.345,0.0,21,0.49,0.211,0.364,silver,10,0.057,7,outerwear,0,0.2341,5008.69,3,2023-09-22,2025-12-24,4304.17,833.66,3470.51,1156.8366666666668,16,25,8,1,0,1,3.95,26.77,15,1,9,5,1,4.308666666666666,6.733333333333333,0.6666666666666666,0.125,0.0,0.5297533333333333,0.1453013698630137
CUST-0000021,F,18,Nordeste,Fortaleza,10k-20k,store,2023-01-01,2025-12-25,4,4500.69,900.14,0.0,0.111,0,0.339,0.074,0.118,silver,24,0.067,6,shoes,0,0.2107,6818.9,5,2023-03-12,2025-12-25,4989.58,488.89,4500.6900000000005,900.1380000000001,19,29,9,0,0,2,3.89,6.685,15,0,10,9,4,4.826,6.266666666666667,0.8,0.0,0.0,0.5315933333333333,0.414972602739726
CUST-0000022,F,27,Sudeste,Belo Horizonte,Até 3k,paid_social,2023-12-02,2025-09-10,3,5391.31,1347.83,0.0,0.056,38,0.552,0.178,0.124,bronze,18,0.019,112,accessories,0,0.3956,7405.26,4,2024-01-13,2025-09-10,5856.85,465.53999999999996,5391.3099999999995,1347.8274999999999,21,32,10,1,0,0,,,13,0,8,6,2,5.446923076923077,8.0,0.75,0.1,0.0,0.5275461538461539,0.37782191780821917
CUST-0000023,M,27,Sudeste,Vitória,3k-6k,organic,2023-04-02,2025-08-11,2,489.47,489.47,0.75,0.0,0,0.67,0.124,0.076,bronze,32,0.07,142,outerwear,1,0.7224,550.47,1,2025-08-11,2025-08-11,673.83,184.36,489.47,489.47,3,4,7,1,0,1,1.97,42.51,9,1,3,2,1,4.71,2.888888888888889,0.0,0.14285714285714285,0.0,0.49154444444444445,0.6166849315068493
CUST-0000024,M,18,Sudeste,Campinas,Até 3k,influencer,2023-07-06,2025-09-16,1,942.65,942.65,0.0,0.111,8,0.388,0.16,0.14,bronze,21,0.089,106,shoes,0,0.488,927.43,1,2025-09-16,2025-09-16,1127.41,184.76,942.65,942.65,4,7,12,1,0,0,,,23,3,9,7,2,5.977391304347826,8.08695652173913,0.0,0.08333333333333333,0.0,0.5206434782608695,0.3658493150684931
CUST-0000025,F,25,Nordeste,Recife,3k-6k,social_commerce,2023-12-27,2025-11-19,1,586.9,195.63,0.549,0.0,5,0.327,0.091,0.06,bronze,16,0.073,42,accessories,0,0.3093,1068.59,3,2023-12-27,2025-11-19,842.58,255.68,586.9,195.63333333333333,5,8,9,0,0,0,,,21,2,10,5,2,4.67,8.0,0.6666666666666666,0.0,0.0,0.515747619047619,0.26080821917808217
CUST-0000026,M,26,Nordeste,Natal,20k+,search,2024-06-11,2025-12-21,9,7775.75,863.97,0.118,0.0,8,0.544,0.104,0.05,platinum,20,0.101,10,dresses,0,0.0962,12663.9,9,2024-07-06,2025-12-21,8279.97,504.21999999999997,7775.75,863.9722222222222,33,46,13,5,0,0,,,45,6,10,7,5,7.461777777777777,7.177777777777778,0.8888888888888888,0.38461538461538464,0.0,0.5023955555555555,0.30228767123287675
CUST-0000027,F,34,Sudeste,São Paulo,3k-6k,search,2024-04-28,2025-11-10,4,8348.58,1192.65,0.366,0.072,13,0.28,0.114,0.173,gold,31,0.076,51,activewear,0,0.3239,13085.47,7,2024-06-20,2025-11-10,10827.47,2478.89,8348.58,1192.6542857142856,36,54,13,1,0,1,4.08,10.6,40,3,20,8,5,7.72325,8.175,0.8571428571428571,0.07692307692307693,0.0,0.5459825,0.5607671232876713
CUST-0000028,F,48,Norte,Porto Velho,10k-20k,search,2023-12-28,2025-11-30,5,10063.0,838.58,0.0,0.0,29,0.425,0.121,0.132,platinum,31,0.157,31,shoes,0,0.1483,16262.65,12,2024-01-03,2025-11-30,10713.1,650.1,10063.0,838.5833333333334,39,56,10,3,0,0,,,38,7,21,10,7,7.469210526315789,6.421052631578948,0.9166666666666666,0.3,0.0,0.5812710526315789,0.47319178082191776
CUST-0000029,M,33,Sudeste,São Paulo,10k-20k,social_commerce,2025-01-31,2025-11-20,8,3887.85,971.96,0.108,0.0,0,0.47,0.118,0.113,platinum,19,0.112,41,activewear,0,0.1838,5852.87,4,2025-02-15,2025-11-20,4147.74,259.89,3887.85,971.9625,15,23,18,7,2,0,,,35,6,23,9,4,7.889142857142858,8.257142857142858,0.75,0.3888888888888889,0.1111111111111111,0.6031771428571429,0.2814794520547945
CUST-0000030,F,25,Nordeste,Recife,10k-20k,organic,2023-01-01,2025-12-16,5,13226.69,1322.67,0.133,0.0,10,0.231,0.072,0.29,silver,18,0.048,15,tops,0,0.203,20736.71,10,2023-07-22,2025-12-16,14817.67,1590.98,13226.69,1322.669,58,88,15,3,0,0,,,20,4,11,8,3,4.7490000000000006,7.75,0.9,0.2,0.0,0.55749,0.3169315068493151
CUST-0000031,F,35,Centro-Oeste,Cuiabá,6k-10k,store,2023-08-30,2025-11-02,5,3325.67,665.13,0.112,0.0,0,0.152,0.043,0.3,silver,25,0.085,59,tops,0,0.3536,4808.18,5,2023-10-12,2025-11-02,3739.87,414.2,3325.67,665.134,14,22,12,2,0,0,,,15,3,6,3,0,4.015333333333333,8.266666666666667,0.8,0.16666666666666666,0.0,0.5201533333333334,0.4343972602739726
CUST-0000032,F,48,Nordeste,Fortaleza,3k-6k,store,2023-01-01,2025-10-03,2,337.2,337.2,0.502,0.245,0,0.268,0.099,0.256,bronze,18,0.05,89,bottoms,1,0.5837,427.78,1,2025-10-03,2025-10-03,402.6,65.4,337.2,337.2,2,4,7,0,0,0,,,8,3,3,0,0,5.07875,4.25,0.0,0.0,0.0,0.5695375,0.3392602739726027
CUST-0000033,M,25,Nordeste,Natal,Até 3k,paid_social,2023-01-01,2025-11-18,8,2052.74,684.25,0.305,0.088,0,0.304,0.128,0.258,bronze,18,0.018,43,menswear,0,0.3541,2989.19,3,2023-05-05,2025-11-18,2649.0,596.26,2052.74,684.2466666666666,12,17,10,1,0,3,4.06,20.246666666666666,12,1,4,4,2,4.367500000000001,7.166666666666667,0.6666666666666666,0.1,0.0,0.48117499999999996,0.3561369863013698
CUST-0000034,M,26,Norte,Porto Velho,Até 3k,organic,2023-04-09,2025-12-23,2,4101.48,820.3,0.705,0.0,2,0.38,0.122,0.242,bronze,18,0.064,8,dresses,0,0.2833,6323.33,5,2023-09-26,2025-12-23,5234.63,1133.15,4101.48,820.2959999999999,21,32,8,2,0,0,,,17,2,5,2,0,4.917058823529412,7.117647058823529,0.8,0.25,0.0,0.4874058823529412,0.29863013698630136
CUST-0000035,M,42,Sudeste,Campinas,10k-20k,paid_social,2024-01-31,2025-11-09,4,5911.5,844.5,0.334,0.02,0,0.26,0.088,0.151,gold,27,0.121,52,bottoms,0,0.2788,9005.66,7,2024-03-06,2025-11-09,7277.88,1366.3799999999999,5911.5,844.5,31,44,13,6,0,1,3.86,0.5,25,2,16,10,3,6.6388,9.4,0.8571428571428571,0.46153846153846156,0.0,0.564388,0.4360958904109589
CUST-0000036,M,34,Sudeste,Rio de Janeiro,20k+,paid_social,2025-05-17,2025-10-07,4,5012.27,1253.07,0.217,0.154,0,0.454,0.111,0.144,platinum,25,0.179,85,accessories,0,0.3123,7129.85,4,2025-06-09,2025-10-07,5243.1,230.82999999999998,5012.2699999999995,1253.0674999999999,16,24,9,3,1,0,,,40,4,20,9,6,7.58,7.2,0.75,0.3333333333333333,0.1111111111111111,0.5508,0.34894520547945207
CUST-0000037,F,43,Sudeste,São Paulo,20k+,organic,2024-06-11,2025-11-10,7,3004.03,600.81,0.126,0.075,80,0.414,0.142,0.246,platinum,27,0.139,51,shoes,0,0.1964,4624.34,5,2024-12-04,2025-11-10,3173.05,169.02,3004.03,600.806,14,20,11,4,0,0,,,44,3,20,13,6,7.163863636363636,6.590909090909091,0.8,0.36363636363636365,0.0,0.5295931818181817,0.41776712328767124
CUST-0000038,M,36,Sul,Porto Alegre,3k-6k,paid_social,2023-11-11,2025-10-14,3,12291.96,1229.2,0.027,0.0,6,0.543,0.116,0.209,gold,26,0.064,78,shoes,0,0.2559,18891.91,10,2023-12-08,2025-10-14,13657.8,1365.8400000000001,12291.960000000001,1229.1960000000001,55,81,16,2,0,0,,,48,2,21,15,6,7.685416666666666,8.104166666666666,0.9,0.125,0.0,0.5247708333333334,0.48164383561643836
CUST-0000039,F,44,Nordeste,Recife,Até 3k,search,2024-12-16,2025-12-15,5,5525.8,920.97,0.75,0.208,28,0.261,0.061,0.258,bronze,29,0.039,16,shoes,0,0.3412,8107.44,6,2025-01-13,2025-12-15,6779.84,1254.04,5525.8,920.9666666666667,29,44,16,2,0,0,,,24,5,11,8,4,4.968333333333333,6.541666666666667,0.8333333333333334,0.125,0.0,0.5434333333333333,0.5462602739726027
CUST-0000040,F,25,Nordeste,Salvador,6k-10k,store,2023-01-15,2025-12-24,13,7172.16,1434.43,0.0,0.0,0,0.355,0.126,0.078,silver,11,0.089,7,bottoms,0,0.2113,10764.76,5,2024-09-16,2025-12-24,8252.539999999999,1080.3799999999999,7172.16,1434.432,28,47,11,0,0,1,4.55,5.11,25,4,7,6,1,4.6752,8.16,0.8,0.0,0.0,0.49275199999999997,0.1333013698630137
CUST-0000041,M,36,Norte,Belém,6k-10k,paid_social,2024-04-16,2025-09-29,7,1267.65,1267.65,0.253,0.0,0,0.415,0.096,0.275,gold,16,0.103,93,tops,0,0.5039,1226.65,1,2025-09-29,2025-09-29,1601.08,333.43,1267.65,1267.65,8,11,20,2,0,2,5.0,20.27,42,3,16,3,1,7.493571428571429,8.285714285714286,0.0,0.1,0.0,0.5189833333333334,0.24757534246575344
CUST-0000042,M,34,Sudeste,Campinas,3k-6k,social_commerce,2025-03-13,2025-11-26,3,1465.73,732.86,0.0,0.134,13,0.764,0.308,0.091,bronze,21,0.053,35,shoes,0,0.3225,1924.31,2,2025-04-05,2025-11-26,1735.43,269.7,1465.73,732.865,8,12,7,1,0,0,,,20,1,8,5,1,4.471500000000001,7.95,0.5,0.14285714285714285,0.0,0.487215,0.3785068493150685
CUST-0000043,F,23,Nordeste,Natal,6k-10k,organic,2023-01-01,2025-12-19,3,5555.67,1388.92,0.0,0.0,0,0.265,0.113,0.098,silver,25,0.019,12,dresses,0,0.1999,8236.72,4,2024-05-08,2025-12-19,6440.16,884.49,5555.67,1388.9175,23,34,7,0,0,0,,,12,2,9,6,3,4.168333333333334,9.583333333333334,0.75,0.0,0.0,0.58335,0.484945205479452
CUST-0000044,F,19,Sudeste,Belo Horizonte,3k-6k,organic,2024-03-27,2025-09-03,2,4634.0,1158.5,0.164,0.018,1,0.274,0.088,0.313,bronze,18,0.093,119,activewear,0,0.4358,6266.69,4,2024-05-24,2025-09-03,5296.17,662.1700000000001,4634.0,1158.5,24,34,12,3,0,1,5.0,10.33,18,3,3,0,0,4.1,7.0,0.75,0.25,0.0,0.46599999999999997,0.30612328767123287
CUST-0000045,M,44,Sudeste,Vitória,Até 3k,search,2024-10-24,2025-11-15,1,4557.27,911.45,0.637,0.159,23,0.497,0.103,0.181,bronze,25,0.093,46,dresses,0,0.3394,7240.3,5,2024-11-08,2025-11-15,6141.0,1583.73,4557.27,911.4540000000001,24,35,8,1,1,1,4.53,10.88,19,3,6,3,1,4.878947368421053,6.2105263157894735,0.8,0.125,0.125,0.5014210526315789,0.4221232876712329
CUST-0000046,M,32,Nordeste,Natal,6k-10k,influencer,2024-04-05,2025-12-25,1,1262.71,631.36,0.122,0.0,17,0.262,0.111,0.198,bronze,12,0.068,6,tops,0,0.2648,1835.28,2,2024-08-28,2025-12-25,1664.7,401.99,1262.71,631.355,6,9,6,0,0,0,,,19,0,7,3,1,4.875263157894737,8.0,0.5,0.0,0.0,0.47243684210526316,0.173972602739726
CUST-0000047,M,25,Centro-Oeste,Cuiabá,,paid_social,2024-12-10,2025-12-01,6,3801.75,760.35,0.405,0.0,1,0.293,0.092,0.258,bronze,25,0.1,30,tops,0,0.3543,5954.2,5,2025-01-15,2025-12-01,5052.86,1251.11,3801.75,760.35,21,31,11,2,0,0,,,30,6,12,11,7,4.473,6.7,0.8,0.18181818181818182,0.0,0.52473,0.40986301369863015
CUST-0000048,F,35,Nordeste,Recife,3k-6k,paid_social,2025-01-24,2025-11-07,5,5809.94,829.99,0.75,0.052,2,0.596,0.24,0.112,bronze,28,0.09,54,dresses,0,0.3917,8763.32,7,2025-06-03,2025-11-07,7406.4,1596.46,5809.9400000000005,829.9914285714286,26,40,14,4,0,0,,,20,5,8,6,4,5.644,6.7,0.8571428571428571,0.2857142857142857,0.0,0.54894,0.48775342465753435
CUST-0000049,F,48,Sudeste,Rio de Janeiro,6k-10k,store,2023-07-05,2025-12-06,13,1607.04,803.52,0.105,0.138,0,0.181,0.055,,silver,19,0.08,25,bottoms,0,0.3228,2092.26,2,2024-09-29,2025-12-06,1960.06,353.02,1607.04,803.52,7,10,9,1,0,1,3.68,53.7,13,2,3,2,1,3.673076923076923,6.6923076923076925,0.5,0.1111111111111111,0.0,0.4713461538461538,0.3082191780821918
CUST-0000050,F,18,Nordeste,Natal,20k+,store,2023-01-01,2025-12-12,10,2648.38,529.68,0.0,0.0,18,0.549,0.104,0.174,platinum,24,0.111,19,shoes,0,0.1419,4176.09,5,2023-02-01,2025-12-12,2843.36,194.98,2648.38,529.676,12,16,8,2,0,0,,,40,7,13,7,4,7.3885000000000005,8.5,0.8,0.25,0.0,0.532635,0.37524657534246575
CUST-0000051,M,20,Sudeste,Rio de Janeiro,10k-20k,organic,2023-05-24,2025-10-03,9,6858.53,762.06,0.0,0.016,0,0.586,0.132,0.042,platinum,22,0.139,89,shoes,0,0.2294,10674.46,9,2023-12-17,2025-10-03,7332.64,474.11,6858.53,762.0588888888889,32,45,8,2,0,0,,,34,6,19,13,11,7.041764705882353,7.617647058823529,0.8888888888888888,0.25,0.0,0.5763,0.3302602739726027
CUST-0000052,M,26,Norte,Belém,20k+,social_commerce,2023-01-01,2025-12-25,8,4075.19,509.4,0.01,0.06,0,0.462,0.111,0.034,platinum,22,0.182,6,dresses,0,0.1347,6583.39,8,2023-05-12,2025-12-25,4356.37,281.18,4075.19,509.39875,17,24,16,3,0,0,,,42,7,16,11,7,7.522142857142858,7.142857142857143,0.875,0.1875,0.0,0.5430785714285714,0.25997260273972606
CUST-0000053,F,52,Nordeste,Salvador,Até 3k,influencer,2023-10-04,2025-10-08,1,3253.93,813.48,0.31,0.0,5,0.306,0.084,0.144,bronze,33,0.017,84,accessories,0,0.3208,4709.63,4,2023-11-03,2025-10-08,4012.11,758.18,3253.9300000000003,813.4825000000001,15,21,10,0,0,0,,,12,2,4,3,1,6.413333333333334,8.083333333333334,0.75,0.0,0.0,0.5224666666666666,0.6706164383561644
CUST-0000054,F,39,Sudeste,Campinas,10k-20k,store,2024-01-02,2025-12-19,8,8766.52,974.06,0.44,0.0,1,0.368,0.115,0.115,silver,33,0.115,12,outerwear,0,0.2335,14173.21,9,2024-02-17,2025-12-19,11193.26,2426.74,8766.52,974.0577777777778,43,61,9,1,0,1,2.78,29.93,13,0,4,3,0,3.823846153846154,7.769230769230769,0.8888888888888888,0.1111111111111111,0.0,0.4497769230769231,0.5489452054794521
CUST-0000055,F,44,Sudeste,Campinas,6k-10k,store,2023-12-20,2025-10-27,2,11205.22,1600.75,0.0,0.031,14,0.191,0.037,0.118,silver,20,0.059,65,dresses,0,0.2509,16946.74,7,2024-02-07,2025-10-27,12608.91,1403.69,11205.22,1600.7457142857143,43,69,18,2,0,1,2.56,72.51,16,4,7,5,3,5.25375,6.8125,0.8571428571428571,0.1111111111111111,0.0,0.5525375,0.36236986301369867
CUST-0000056,M,23,Sudeste,São Paulo,Até 3k,influencer,2023-07-08,2025-12-04,4,1864.81,932.4,0.0,0.095,0,0.546,0.108,0.178,bronze,21,0.094,27,dresses,0,0.271,2470.96,2,2023-11-20,2025-12-04,2208.25,343.44,1864.81,932.405,9,13,6,0,0,1,5.0,23.49,13,2,6,5,2,5.514615384615384,8.692307692307692,0.5,0.0,0.0,0.5359153846153846,0.3348767123287671
CUST-0000057,M,24,Centro-Oeste,Brasília,10k-20k,search,2023-06-29,2025-11-30,9,9390.06,1043.34,0.0,0.0,27,0.598,0.127,0.119,gold,25,0.084,31,bottoms,0,0.1912,14756.61,9,2023-09-27,2025-11-30,10626.76,1236.7,9390.06,1043.34,44,69,18,5,0,1,3.86,12.96,33,6,12,7,2,8.117272727272727,8.212121212121213,0.8888888888888888,0.2777777777777778,0.0,0.5493545454545454,0.4261917808219178
CUST-0000058,F,41,Sul,Florianópolis,10k-20k,paid_social,2023-10-05,2025-11-13,4,6978.19,996.88,0.083,0.001,148,0.389,0.172,0.241,gold,29,0.107,48,dresses,0,0.3111,10369.56,7,2023-11-11,2025-11-13,8241.55,1263.36,6978.19,996.8842857142856,33,50,12,1,1,0,,,40,5,20,15,8,6.756,7.3,0.8571428571428571,0.08333333333333333,0.08333333333333333,0.5488099999999999,0.4887808219178082
CUST-0000059,F,37,Nordeste,Fortaleza,10k-20k,paid_social,2023-01-01,2025-10-18,10,2675.54,891.85,0.296,0.015,0,0.67,0.131,0.058,platinum,16,0.102,74,tops,0,0.2121,3872.86,3,2023-04-09,2025-10-18,2958.59,283.05,2675.54,891.8466666666667,9,15,16,8,1,0,,,31,4,17,10,7,7.049354838709678,8.419354838709678,0.6666666666666666,0.5,0.0625,0.5624290322580645,0.24232876712328769
CUST-0000060,M,42,Nordeste,Natal,20k+,store,2023-01-01,2025-11-19,7,7630.21,847.8,0.0,0.0,39,0.43,0.179,0.19,platinum,22,0.115,42,tops,0,0.1996,11977.47,9,2023-02-17,2025-11-19,8124.38,494.16999999999996,7630.21,847.8011111111111,29,47,10,1,0,1,3.96,20.71,30,6,9,5,3,7.164333333333333,8.333333333333334,0.8888888888888888,0.1,0.0,0.5316433333333332,0.3388082191780822
CUST-0000061,F,34,Sul,Curitiba,6k-10k,store,2024-07-13,2025-12-09,1,6669.17,833.65,0.275,0.028,0,0.715,0.219,0.083,silver,15,0.096,22,dresses,0,0.158,11359.36,8,2024-09-20,2025-12-09,8742.28,2073.11,6669.17,833.64625,40,58,11,2,0,1,2.56,8.75,17,4,4,1,0,5.42235294117647,7.0588235294117645,0.875,0.18181818181818182,0.0,0.5101058823529412,0.21123287671232877
CUST-0000062,M,39,Sudeste,Vitória,3k-6k,store,2023-01-01,2025-12-15,7,8769.51,1096.19,0.143,0.0,0,0.222,0.068,0.098,gold,33,0.077,16,shoes,0,0.2007,13663.15,8,2023-09-08,2025-12-15,10041.57,1272.06,8769.51,1096.18875,34,53,20,4,0,1,4.01,7.86,34,6,16,9,4,7.934411764705882,7.235294117647059,0.875,0.2,0.0,0.5675794117647058,0.5882602739726028
CUST-0000063,F,38,Centro-Oeste,,3k-6k,paid_social,2023-02-25,2025-10-04,5,2986.4,746.6,0.043,0.028,132,0.333,0.089,0.294,gold,29,0.103,88,tops,0,0.3336,4281.67,4,2023-06-08,2025-10-04,3384.5099999999998,398.11,2986.4,746.6,13,19,19,3,1,1,3.5,9.37,42,7,22,11,4,7.589761904761905,7.619047619047619,0.75,0.15789473684210525,0.05263157894736842,0.5723261904761905,0.5059315068493151
CUST-0000064,F,45,Sudeste,Vitória,3k-6k,influencer,2023-06-06,2025-11-22,1,305.01,305.01,0.0,0.314,0,0.553,0.214,0.307,bronze,23,0.032,39,outerwear,0,0.439,397.12,1,2025-11-22,2025-11-22,375.2,70.19,305.01,305.01,2,2,9,2,0,1,2.45,12.94,15,1,5,3,3,5.497333333333333,7.666666666666667,0.0,0.2222222222222222,0.0,0.4883066666666666,0.4408219178082192
CUST-0000065,M,45,Sul,Porto Alegre,6k-10k,store,2023-01-01,2025-09-25,6,3143.44,1571.72,0.109,0.158,9,0.366,0.106,0.042,silver,34,0.101,97,tops,0,0.4443,3782.89,2,2023-01-27,2025-09-25,3700.6000000000004,557.16,3143.44,1571.72,14,21,12,2,0,2,3.7800000000000002,33.135,17,1,5,3,2,5.071176470588235,7.235294117647059,0.5,0.16666666666666666,0.0,0.4742411764705882,0.6108904109589042
CUST-0000066,F,18,Nordeste,Salvador,6k-10k,paid_social,2023-06-14,2025-12-02,8,473.82,473.82,0.356,0.0,0,0.381,0.077,0.177,gold,14,0.075,29,activewear,0,0.4039,554.85,1,2025-12-02,2025-12-02,562.58,88.76,473.82,473.82,1,2,15,5,0,0,,,29,4,9,5,2,8.205862068965518,7.689655172413793,0.0,0.3333333333333333,0.0,0.5286103448275862,0.21453424657534248
CUST-0000067,F,18,Nordeste,Salvador,3k-6k,paid_social,2023-04-30,2025-12-12,8,6042.33,1007.06,0.047,0.0,0,0.374,0.101,0.412,gold,24,0.086,19,bottoms,0,0.198,9278.36,6,2023-10-01,2025-12-12,6703.08,660.75,6042.33,1007.055,29,42,7,1,0,0,,,41,2,14,9,4,6.955365853658537,7.414634146341464,0.8333333333333334,0.14285714285714285,0.0,0.5000414634146342,0.40024657534246577
CUST-0000068,F,47,Centro-Oeste,Goiânia,Até 3k,paid_social,2023-01-01,2025-10-08,4,3178.68,1059.56,0.257,0.0,4,0.238,0.096,0.22,bronze,18,0.06,84,menswear,0,0.397,4487.14,3,2023-03-18,2025-10-08,4101.77,923.09,3178.68,1059.56,16,26,13,1,1,0,,,17,2,8,5,1,3.716470588235294,8.058823529411764,0.6666666666666666,0.07692307692307693,0.07692307692307693,0.5106941176470589,0.3276164383561644
CUST-0000069,F,49,Sudeste,Vitória,10k-20k,organic,2023-01-01,2025-12-06,5,8046.87,1005.86,0.0,0.0,26,0.7,0.162,,platinum,41,0.158,25,tops,0,0.1873,12601.76,8,2023-04-02,2025-12-06,8516.86,469.99,8046.87,1005.85875,23,39,14,3,2,0,,,34,3,12,8,5,8.52970588235294,7.5,0.875,0.21428571428571427,0.14285714285714285,0.5279441176470588,0.6702191780821917
CUST-0000070,F,25,Sul,Porto Alegre,10k-20k,search,2023-01-01,2025-11-21,4,8144.21,1628.84,0.0,0.0,36,0.478,0.123,0.135,gold,27,0.106,40,tops,0,0.2243,12158.23,5,2023-05-21,2025-11-21,9159.77,1015.56,8144.21,1628.842,31,46,14,4,0,1,5.0,8.4,44,5,19,9,2,7.263181818181818,7.590909090909091,0.8,0.2857142857142857,0.0,0.5374045454545454,0.4471506849315069
CUST-0000071,F,18,Sul,Curitiba,20k+,influencer,2024-08-03,2025-12-08,10,3884.28,647.38,0.278,0.064,47,0.42,0.107,0.093,platinum,39,0.147,23,dresses,0,0.1506,6134.1,6,2024-09-21,2025-12-08,4397.75,513.47,3884.2799999999997,647.38,16,26,5,1,0,2,3.665,6.96,26,7,8,2,1,7.419615384615384,7.5,0.8333333333333334,0.2,0.0,0.5530423076923077,0.6405616438356164
CUST-0000072,F,37,Sul,Porto Alegre,6k-10k,search,2025-03-07,2025-11-30,6,6153.88,769.24,0.066,0.054,58,0.458,0.196,0.053,gold,32,0.101,31,dresses,0,0.1969,9645.19,8,2025-03-15,2025-11-30,6983.45,829.57,6153.88,769.235,30,45,16,2,0,1,3.71,4.42,33,4,17,10,5,7.107878787878788,8.333333333333334,0.875,0.125,0.0,0.5544121212121211,0.5491917808219179
CUST-0000073,F,46,Sudeste,Vitória,Até 3k,search,2023-02-16,2025-12-15,1,2414.47,1207.24,0.376,0.127,0,0.288,0.07,,bronze,33,0.011,16,tops,0,0.2997,3107.39,2,2023-08-13,2025-12-15,2705.4,290.93,2414.4700000000003,1207.2350000000001,9,13,7,1,0,0,,,13,2,3,3,0,5.014615384615384,7.923076923076923,0.5,0.14285714285714285,0.0,0.4847615384615384,0.6542602739726028
CUST-0000074,M,56,Sudeste,Campinas,3k-6k,influencer,2023-11-08,2025-12-02,7,2713.66,1356.83,0.639,0.0,4,0.538,0.148,0.035,bronze,36,0.063,29,tops,0,0.4383,3330.84,2,2024-08-08,2025-12-02,3351.09,637.4300000000001,2713.66,1356.83,10,16,6,1,0,0,,,25,3,6,3,1,4.3792,7.36,0.5,0.16666666666666666,0.0,0.471792,0.6665342465753425
CUST-0000075,M,42,Sudeste,Campinas,20k+,paid_social,2023-04-29,2025-12-22,8,8218.74,821.87,0.0,0.052,0,0.464,0.176,0.273,platinum,28,0.15,9,shoes,0,0.1163,13368.63,10,2023-07-07,2025-12-22,8847.89,629.15,8218.74,821.874,34,52,18,5,0,0,,,22,5,11,8,2,7.389545454545455,8.318181818181818,0.9,0.2777777777777778,0.0,0.5807136363636364,0.4129589041095891
CUST-0000076,F,32,Sudeste,Campinas,3k-6k,store,2023-11-23,2025-11-12,8,6871.23,1145.21,0.0,0.0,6,0.127,0.028,0.137,bronze,23,0.049,49,bottoms,0,0.322,10050.42,6,2024-08-03,2025-11-12,7793.9,922.67,6871.2300000000005,1145.2050000000002,28,44,7,2,0,1,3.73,10.56,20,3,8,4,2,4.34,7.55,0.8333333333333334,0.2857142857142857,0.0,0.5109,0.4271095890410959
CUST-0000077,F,26,Sul,Florianópolis,3k-6k,social_commerce,2023-01-23,2025-10-18,1,1654.46,827.23,0.0,0.239,20,0.411,0.14,0.567,bronze,27,0.045,74,bottoms,0,0.4055,2086.81,2,2023-12-18,2025-10-18,1876.94,222.48,1654.46,827.23,10,15,10,4,0,0,,,15,1,5,1,0,4.8053333333333335,8.0,0.5,0.4,0.0,0.48138666666666663,0.5193287671232877
CUST-0000078,F,36,Nordeste,Natal,10k-20k,organic,2023-01-01,2025-12-04,4,885.91,885.91,0.514,0.114,13,0.617,0.268,0.228,silver,31,0.075,27,menswear,0,0.4394,985.03,1,2025-12-04,2025-12-04,1220.14,334.23,885.91,885.91,7,9,8,2,0,1,2.93,67.28,19,0,9,9,4,4.95,6.842105263157895,0.0,0.25,0.0,0.49423684210526314,0.5538767123287671
CUST-0000079,M,33,Nordeste,Salvador,10k-20k,search,2023-09-08,2025-10-20,6,6752.91,964.7,0.098,0.0,1,0.692,0.15,0.114,gold,11,0.09,72,menswear,0,0.3004,10081.38,7,2023-10-30,2025-10-20,7445.05,692.14,6752.91,964.7014285714286,31,48,8,0,0,0,,,30,4,13,6,4,7.908333333333333,5.733333333333333,0.8571428571428571,0.0,0.0,0.5490833333333334,0.15367123287671233
CUST-0000080,M,25,Sul,Joinville,3k-6k,paid_social,2023-11-10,2025-11-17,4,804.51,402.26,0.176,0.089,13,0.721,0.145,0.105,bronze,6,0.056,44,dresses,0,0.2917,1136.82,2,2024-03-11,2025-11-17,891.69,87.17999999999999,804.51,402.255,5,7,10,2,0,0,,,29,5,10,4,0,5.063448275862069,7.517241379310345,0.5,0.2,0.0,0.5127034482758621,0.07846575342465753
CUST-0000081,F,59,Sul,Florianópolis,6k-10k,organic,2023-01-31,2025-11-22,2,6429.45,1071.58,0.087,0.0,0,0.179,0.08,0.149,silver,27,0.136,39,accessories,0,0.2613,9623.54,6,2023-10-06,2025-11-22,7365.55,936.1,6429.45,1071.575,29,44,14,2,0,2,3.275,10.559999999999999,17,2,4,2,1,4.208823529411765,7.9411764705882355,0.8333333333333334,0.14285714285714285,0.0,0.46855882352941175,0.4168219178082192
CUST-0000082,F,56,Sudeste,Campinas,3k-6k,search,2023-01-01,2025-11-23,2,3494.77,698.95,0.0,0.0,0,0.224,0.074,0.163,gold,31,0.079,38,shoes,0,0.2295,5286.49,5,2023-02-18,2025-11-23,4037.27,542.5,3494.77,698.954,19,28,12,1,0,0,,,33,4,12,7,2,6.126666666666667,7.393939393939394,0.8,0.08333333333333333,0.0,0.5142969696969697,0.5534931506849315
CUST-0000083,F,48,Sul,Curitiba,,paid_social,2025-04-27,2025-12-23,2,3813.35,1271.12,0.0,0.048,0,0.221,0.065,0.315,bronze,17,0.134,8,menswear,0,0.1991,5457.0,3,2025-05-07,2025-12-23,4481.219999999999,667.87,3813.35,1271.1166666666666,17,26,6,1,0,0,,,16,0,7,6,1,4.670625,8.25,0.6666666666666666,0.16666666666666666,0.0,0.48420625,0.2086301369863014
CUST-0000084,F,26,Sudeste,Vitória,20k+,search,2024-02-24,2025-11-21,15,5924.27,740.53,0.249,0.0,0,0.617,0.138,0.279,platinum,26,0.112,40,bottoms,0,0.1659,9394.11,8,2024-04-16,2025-11-21,6312.79,388.52,5924.27,740.53375,23,41,10,3,1,0,,,45,7,19,11,6,6.871555555555555,7.444444444444445,0.875,0.3,0.1,0.5420488888888888,0.42115068493150687
CUST-0000085,F,45,Sudeste,Rio de Janeiro,20k+,social_commerce,2023-01-28,2025-12-23,11,4548.0,1137.0,0.149,0.0,51,0.13,0.055,0.185,platinum,33,0.162,8,tops,0,0.1098,6987.54,4,2023-06-04,2025-12-23,4905.6,357.6,4548.0,1137.0,16,26,17,5,1,0,,,32,6,14,7,4,6.699375,7.34375,0.75,0.29411764705882354,0.058823529411764705,0.55136875,0.5006301369863013
CUST-0000086,F,43,Sul,Porto Alegre,20k+,influencer,2023-02-02,2025-10-16,8,3327.74,554.62,0.157,0.0,90,0.545,0.213,0.296,platinum,13,0.121,76,activewear,0,0.2357,5112.71,6,2023-05-24,2025-10-16,3667.15,339.41,3327.7400000000002,554.6233333333333,17,24,19,4,3,0,,,28,4,12,4,3,6.869285714285715,6.357142857142857,0.8333333333333334,0.21052631578947367,0.15789473684210525,0.5401214285714285,0.16398630136986303
CUST-0000087,F,41,Sul,Joinville,6k-10k,organic,2024-12-27,2025-12-10,8,9045.9,1292.27,0.0,0.0,20,0.685,0.235,0.128,silver,14,0.108,21,dresses,0,0.1539,14192.14,7,2025-02-15,2025-12-10,10203.050000000001,1157.15,9045.9,1292.2714285714285,37,59,5,2,1,0,,,15,3,3,2,2,2.9680000000000004,8.266666666666667,0.8571428571428571,0.4,0.2,0.46967999999999993,0.17890410958904113
CUST-0000088,F,50,Sudeste,Rio de Janeiro,6k-10k,social_commerce,2024-12-02,2025-10-14,9,5381.44,896.91,0.0,0.0,92,0.167,0.031,0.186,gold,14,0.095,78,bottoms,0,0.2696,8069.63,6,2024-12-12,2025-10-14,6284.0,902.56,5381.4400000000005,896.9066666666668,26,40,19,4,0,0,,,36,1,19,13,3,7.306111111111111,7.833333333333333,0.8333333333333334,0.21052631578947367,0.0,0.535561111111111,0.21064383561643837
CUST-0000089,F,43,Sul,Porto Alegre,10k-20k,paid_social,2023-01-01,2025-10-26,6,6717.01,671.7,0.042,0.0,0,0.456,0.134,0.404,platinum,41,0.109,66,bottoms,0,0.2171,10546.81,10,2023-03-15,2025-10-26,7092.12,375.11,6717.01,671.701,30,43,9,4,0,0,,,41,4,19,11,9,7.122682926829268,7.2439024390243905,0.9,0.4444444444444444,0.0,0.5383,0.7326986301369862
CUST-0000090,F,44,Sul,Florianópolis,10k-20k,store,2025-05-09,2025-07-18,7,3295.04,1098.35,0.0,0.122,87,0.505,0.103,0.212,gold,20,0.086,166,bottoms,0,0.4586,4295.71,3,2025-05-11,2025-07-18,3602.2200000000003,307.18000000000006,3295.04,1098.3466666666666,14,25,17,5,0,0,,,30,4,9,5,2,7.981,8.233333333333333,0.6666666666666666,0.29411764705882354,0.0,0.5231433333333333,0.36857534246575346
CUST-0000091,M,43,Nordeste,Salvador,10k-20k,search,2023-11-27,2025-11-12,7,4387.39,626.77,0.239,0.0,129,0.349,0.139,,platinum,14,0.132,49,accessories,0,0.2022,6855.18,7,2024-01-03,2025-11-12,4732.61,345.22,4387.39,626.7700000000001,19,25,19,5,0,0,,,37,6,19,12,8,6.898918918918919,8.297297297297296,0.8571428571428571,0.2631578947368421,0.0,0.5622324324324325,0.1641095890410959
CUST-0000092,F,40,Nordeste,Natal,6k-10k,organic,2023-01-01,2025-09-28,10,3787.35,757.47,0.116,0.105,10,0.525,0.196,0.144,silver,27,0.075,94,accessories,0,0.3232,5513.32,5,2023-03-23,2025-09-28,4118.14,330.78999999999996,3787.3499999999995,757.4699999999999,21,28,12,5,0,0,,,20,1,8,5,2,5.4075,5.9,0.8,0.4166666666666667,0.0,0.496575,0.49590410958904113
CUST-0000093,M,18,Nordeste,Recife,6k-10k,paid_social,2024-10-03,2025-12-26,7,3251.76,1083.92,0.0,0.059,0,0.348,0.151,0.112,gold,46,0.141,5,dresses,0,0.2375,4620.12,3,2025-01-03,2025-12-26,3802.8799999999997,551.12,3251.76,1083.92,14,19,14,1,0,1,2.66,23.15,41,3,18,12,5,7.224878048780487,7.365853658536586,0.6666666666666666,0.07142857142857142,0.0,0.5283463414634146,0.7806438356164384
CUST-0000094,F,37,Sudeste,São Paulo,3k-6k,store,2023-01-01,2025-10-03,3,4384.29,876.86,0.105,0.0,0,0.496,0.133,0.172,bronze,22,0.074,89,tops,0,0.3735,6224.89,5,2023-02-20,2025-10-03,4889.599999999999,505.30999999999995,4384.29,876.858,20,26,13,3,0,1,3.43,24.87,19,1,4,3,3,4.846842105263158,7.052631578947368,0.8,0.23076923076923078,0.0,0.4537315789473684,0.3952602739726027
CUST-0000095,M,30,Nordeste,Natal,3k-6k,search,2023-01-01,2025-12-11,2,3042.4,608.48,0.38,0.085,10,0.306,0.066,0.415,bronze,26,0.038,20,dresses,0,0.2756,4899.6,5,2023-06-18,2025-12-11,4030.2799999999997,987.88,3042.4,608.48,17,24,11,1,0,0,,,18,2,2,2,1,3.546666666666667,8.277777777777779,0.8,0.09090909090909091,0.0,0.4354666666666666,0.48857534246575346
CUST-0000096,M,22,Sul,Florianópolis,6k-10k,store,2023-01-01,2025-12-09,6,4204.56,1401.52,0.0,0.0,9,0.884,0.264,0.369,silver,31,0.073,22,tops,0,0.1774,6050.38,3,2023-05-10,2025-12-09,4867.219999999999,662.66,4204.5599999999995,1401.5199999999998,14,22,7,3,0,0,,,19,2,6,4,2,4.313684210526316,6.684210526315789,0.6666666666666666,0.42857142857142855,0.0,0.4826105263157894,0.5542328767123288
CUST-0000097,M,54,Sul,Curitiba,Até 3k,search,2023-11-10,2025-10-27,7,3386.87,846.72,0.151,0.17,24,0.379,0.116,0.228,bronze,17,0.074,65,bottoms,0,0.3159,4852.41,4,2024-03-03,2025-10-27,3841.7400000000002,454.87,3386.87,846.7175,17,24,11,3,1,0,,,9,2,3,2,1,4.753333333333334,7.444444444444445,0.75,0.2727272727272727,0.09090909090909091,0.5197555555555555,0.28736986301369866
CUST-0000098,M,55,Nordeste,Fortaleza,10k-20k,paid_social,2024-04-20,2025-12-18,6,3753.31,536.19,0.371,0.0,0,0.595,0.264,0.321,platinum,24,0.13,13,dresses,0,0.1223,6047.56,7,2024-07-29,2025-12-18,4229.22,475.90999999999997,3753.31,536.1871428571428,15,22,16,4,1,0,,,36,3,14,8,5,7.049444444444444,7.444444444444445,0.8571428571428571,0.25,0.0625,0.5191055555555555,0.3542739726027397
CUST-0000099,M,51,Sudeste,Belo Horizonte,10k-20k,paid_social,2023-04-06,2025-11-14,8,2760.85,460.14,0.006,0.069,0,0.309,0.095,0.324,platinum,22,0.166,47,accessories,0,0.1759,4359.94,6,2023-05-24,2025-11-14,3030.3100000000004,269.46000000000004,2760.85,460.14166666666665,13,17,14,6,0,0,,,27,3,11,4,2,7.561851851851852,6.851851851851852,0.8333333333333334,0.42857142857142855,0.0,0.5348777777777778,0.2894520547945206
CUST-0000100,M,39,Sul,Porto Alegre,3k-6k,influencer,2023-02-09,2025-05-05,3,1156.1,385.37,0.131,0.0,0,0.169,0.043,0.005,bronze,11,0.068,240,menswear,1,0.5602,1551.25,3,2024-03-18,2025-05-05,1373.28,217.18,1156.1,385.3666666666666,6,9,6,2,0,0,,,5,0,4,2,1,5.114,3.4,0.6666666666666666,0.3333333333333333,0.0,0.56114,0.2309041095890411
CUST-0000101,M,51,Nordeste,Natal,Até 3k,search,2023-06-24,2025-08-26,1,1306.5,435.5,0.205,0.0,3,0.355,0.121,0.054,bronze,22,0.051,127,dresses,0,0.4664,1794.9,3,2024-01-08,2025-08-26,1532.77,226.27,1306.5,435.5,9,11,7,0,0,0,,,11,3,5,1,1,4.468181818181818,4.545454545454546,0.6666666666666666,0.0,0.0,0.5537727272727272,0.43075342465753425
CUST-0000102,F,36,Norte,Belém,6k-10k,organic,2025-03-29,2025-12-03,4,4445.04,1111.26,0.0,0.05,0,0.451,0.098,0.081,silver,15,0.038,28,dresses,0,0.2712,6427.8,4,2025-06-02,2025-12-03,5187.3099999999995,742.27,4445.04,1111.26,16,27,10,2,0,1,2.9,12.3,16,2,6,4,0,4.974375,6.5,0.75,0.2,0.0,0.50599375,0.2712054794520548
CUST-0000103,F,38,Centro-Oeste,Cuiabá,3k-6k,search,2025-05-05,2025-11-12,2,1571.94,785.97,0.0,0.002,0,0.812,0.224,0.542,bronze,7,0.053,49,tops,0,0.3396,2050.26,2,2025-07-05,2025-11-12,1730.8400000000001,158.89999999999998,1571.94,785.97,8,12,12,1,0,0,,,23,6,7,3,1,4.444782608695652,7.521739130434782,0.5,0.08333333333333333,0.0,0.5205347826086957,0.1031095890410959
CUST-0000104,F,24,Sul,Joinville,Até 3k,social_commerce,2024-12-05,2025-08-05,1,555.46,555.46,0.0,0.17,0,0.726,0.169,0.089,bronze,21,0.056,148,dresses,1,0.6515,558.0,1,2025-08-05,2025-08-05,604.14,48.68,555.46,555.46,3,5,11,1,0,3,3.15,23.62333333333333,11,0,3,1,0,5.6863636363636365,5.2727272727272725,0.0,0.09090909090909091,0.0,0.4614090909090909,0.4126575342465753
CUST-0000105,M,40,Sul,Florianópolis,Até 3k,search,2023-01-08,2025-11-17,2,1541.11,1541.11,0.13,0.213,0,0.493,0.123,0.087,bronze,18,0.079,44,menswear,0,0.4018,1461.71,1,2025-11-17,2025-11-17,1621.21,80.1,1541.11,1541.11,5,7,5,0,0,1,3.76,12.75,20,1,8,4,2,4.795,7.9,0.0,0.0,0.0,0.49045,0.29546575342465753
CUST-0000106,F,37,Nordeste,Fortaleza,6k-10k,organic,2024-09-06,2025-12-16,10,7596.89,759.69,0.112,0.19,0,0.481,0.109,0.225,silver,18,0.061,15,activewear,0,0.2135,11899.33,10,2024-10-17,2025-12-16,8721.210000000001,1124.32,7596.89,759.6890000000001,34,52,9,1,0,1,3.11,8.49,15,1,2,1,0,5.453333333333333,7.333333333333333,0.9,0.1111111111111111,0.0,0.44786666666666664,0.3039315068493151
CUST-0000107,F,22,Sudeste,Rio de Janeiro,3k-6k,influencer,2024-05-12,2025-12-09,8,4831.4,966.28,0.0,0.0,37,0.297,0.126,0.178,gold,27,0.108,22,activewear,0,0.18,7393.77,5,2024-07-13,2025-12-09,5543.1900000000005,711.79,4831.4,966.28,23,36,11,2,0,0,,,37,4,16,9,3,7.4105405405405405,8.486486486486486,0.8,0.18181818181818182,0.0,0.5376189189189189,0.4392328767123288
CUST-0000108,M,35,Norte,Manaus,Até 3k,search,2023-10-31,2025-12-20,9,4054.78,810.96,0.0,0.0,17,0.553,0.177,0.331,bronze,24,0.039,11,tops,0,0.2459,6073.41,5,2024-07-12,2025-12-20,4533.22,478.44000000000005,4054.7799999999997,810.9559999999999,18,23,5,1,0,0,,,16,4,5,4,1,3.9725,8.3125,0.8,0.2,0.0,0.514725,0.4446164383561644
CUST-0000109,F,35,Sul,Curitiba,20k+,store,2023-01-01,2025-11-28,8,6888.65,626.24,0.032,0.024,0,0.454,0.153,0.109,platinum,19,0.145,33,bottoms,0,0.1777,11028.47,11,2023-01-23,2025-11-28,7569.43,680.78,6888.65,626.2409090909091,33,51,13,1,0,0,,,38,9,16,10,7,9.074473684210526,6.684210526315789,0.9090909090909091,0.07692307692307693,0.0,0.5841657894736842,0.24584931506849317
CUST-0000110,F,56,Sudeste,Vitória,3k-6k,search,2025-07-01,2025-09-15,1,175.83,87.92,0.75,0.0,0,0.069,0.024,0.438,bronze,17,0.025,107,shoes,0,0.4753,382.51,2,2025-08-18,2025-09-15,271.90000000000003,96.07000000000001,175.82999999999998,87.91499999999999,2,2,13,0,0,1,4.29,23.44,14,1,3,2,2,4.265,3.0714285714285716,0.5,0.0,0.0,0.4533642857142857,0.3501780821917808
CUST-0000111,F,46,Sudeste,Belo Horizonte,3k-6k,paid_social,2023-06-21,2025-12-18,5,6850.73,761.19,0.234,0.075,50,0.348,0.072,0.318,gold,36,0.101,13,accessories,0,0.2384,10612.83,9,2023-07-19,2025-12-18,7938.5,1087.77,6850.7300000000005,761.1922222222223,39,54,19,5,0,0,,,32,3,13,5,3,7.2646875,6.8125,0.8888888888888888,0.2631578947368421,0.0,0.5273343749999999,0.6232739726027398
CUST-0000112,F,36,Norte,Belém,10k-20k,social_commerce,2023-01-01,2025-10-10,5,6726.58,611.51,0.0,0.0,58,0.256,0.069,0.189,platinum,18,0.15,82,shoes,0,0.215,10603.82,11,2023-01-18,2025-10-10,7177.61,451.03000000000003,6726.58,611.5072727272727,31,45,11,2,0,2,4.65,5.6899999999999995,29,0,11,7,4,8.21,7.827586206896552,0.9090909090909091,0.18181818181818182,0.0,0.5079620689655172,0.23695890410958903
CUST-0000113,F,39,Sudeste,Campinas,Até 3k,organic,2023-07-02,2025-09-28,2,2123.32,530.83,0.317,0.012,79,0.293,0.093,0.827,bronze,36,0.071,94,dresses,0,0.4297,3077.95,4,2023-09-29,2025-09-28,2701.34,578.02,2123.3199999999997,530.8299999999999,11,19,7,0,0,0,,,19,2,6,1,1,5.121052631578947,9.263157894736842,0.75,0.0,0.0,0.4906842105263157,0.6799041095890411
CUST-0000114,F,36,Sudeste,Vitória,6k-10k,paid_social,2023-08-16,2025-11-08,5,12624.15,1052.01,0.229,0.0,4,0.594,0.175,0.281,gold,17,0.078,53,outerwear,0,0.2059,19926.05,12,2023-09-27,2025-11-08,14300.5,1676.3500000000001,12624.15,1052.0125,51,81,16,1,0,0,,,26,3,14,8,3,7.78,7.3076923076923075,0.9166666666666666,0.0625,0.0,0.5643384615384616,0.2794246575342466
CUST-0000115,F,34,Sudeste,Vitória,20k+,search,2023-01-01,2025-12-21,7,8605.1,782.28,0.119,0.024,0,0.271,0.053,0.1,platinum,11,0.079,10,dresses,0,0.0828,14199.72,11,2023-06-27,2025-12-21,9379.09,773.99,8605.1,782.2818181818183,36,55,12,7,3,0,,,38,3,16,7,5,7.075,7.026315789473684,0.9090909090909091,0.5833333333333334,0.25,0.5246973684210526,0.14428767123287672
CUST-0000116,F,24,Sudeste,Rio de Janeiro,6k-10k,organic,2023-10-10,2025-11-22,2,2833.68,1416.84,0.013,0.035,5,0.5,0.216,0.246,bronze,29,0.148,39,tops,0,0.2797,3659.79,2,2024-02-24,2025-11-22,3408.3599999999997,574.6800000000001,2833.6800000000003,1416.8400000000001,13,20,11,2,0,0,,,16,2,7,3,0,4.878125,6.5625,0.5,0.18181818181818182,0.0,0.51753125,0.4448219178082191
CUST-0000117,F,34,Sudeste,Campinas,6k-10k,organic,2024-01-24,2025-08-25,3,6635.29,1327.06,0.316,0.09,0,0.522,0.098,0.154,silver,16,0.055,128,outerwear,0,0.4217,9608.71,5,2024-03-01,2025-08-25,8466.92,1831.63,6635.29,1327.058,31,56,7,0,0,0,,,29,5,8,3,2,5.058620689655172,7.931034482758621,0.8,0.0,0.0,0.49886206896551727,0.3070821917808219
CUST-0000118,M,28,Nordeste,Fortaleza,6k-10k,organic,2025-06-28,2025-11-30,7,5237.63,872.94,0.0,0.0,13,0.077,0.028,0.372,silver,19,0.066,31,menswear,0,0.229,7972.02,6,2025-06-29,2025-11-30,5821.25,583.62,5237.63,872.9383333333334,20,32,3,0,0,1,2.28,6.79,21,2,9,8,2,5.1328571428571435,8.0,0.8333333333333334,0.0,0.0,0.510852380952381,0.3241917808219178
CUST-0000119,F,22,Sudeste,Belo Horizonte,3k-6k,influencer,2023-01-01,2025-12-16,4,3010.84,1003.61,0.19,0.0,73,0.499,0.203,0.287,gold,19,0.08,15,accessories,0,0.2891,4203.62,3,2023-05-18,2025-12-16,3383.4700000000003,372.63,3010.84,1003.6133333333333,11,15,8,2,0,0,,,28,0,12,6,4,7.976785714285714,8.464285714285714,0.6666666666666666,0.25,0.0,0.5154821428571429,0.3049315068493151
CUST-0000120,M,42,Norte,Belém,6k-10k,organic,2024-01-06,2025-11-30,7,5362.44,1340.61,0.019,0.0,15,0.289,0.065,0.619,silver,25,0.081,31,activewear,0,0.2047,7916.94,4,2024-02-14,2025-11-30,6221.36,858.92,5362.44,1340.61,22,35,6,3,0,0,,,15,2,5,3,1,4.4399999999999995,8.2,0.75,0.5,0.0,0.49439999999999995,0.4291917808219178
CUST-0000121,M,40,Norte,Manaus,3k-6k,search,2024-06-01,2025-11-24,1,3747.13,1249.04,0.0,0.252,0,0.403,0.076,0.244,gold,39,0.064,37,tops,0,0.2696,5246.76,3,2025-04-03,2025-11-24,4331.61,584.48,3747.13,1249.0433333333333,15,25,10,2,0,0,,,40,8,15,5,0,8.36875,8.75,0.6666666666666666,0.2,0.0,0.5586875,0.7281643835616438
CUST-0000122,F,18,Sudeste,Rio de Janeiro,10k-20k,organic,2024-08-01,2025-12-05,4,7975.65,1595.13,0.0,0.132,1,0.288,0.128,0.223,silver,25,0.036,26,menswear,0,0.2424,11810.68,5,2025-03-15,2025-12-05,9001.91,1026.26,7975.65,1595.1299999999999,27,44,17,4,0,0,,,20,2,5,3,0,4.7455,7.15,0.8,0.23529411764705882,0.0,0.47245499999999996,0.4725479452054795
CUST-0000123,F,35,Sudeste,Belo Horizonte,10k-20k,search,2024-06-21,2025-12-02,7,5648.2,806.89,0.224,0.027,8,0.683,0.222,0.576,platinum,23,0.126,29,outerwear,0,0.1623,8895.71,7,2024-07-02,2025-12-02,6091.93,443.73,5648.200000000001,806.8857142857144,24,34,12,5,0,0,,,30,2,11,6,5,7.297,6.433333333333334,0.8571428571428571,0.4166666666666667,0.0,0.5129699999999999,0.3435342465753425
CUST-0000124,F,47,Nordeste,Natal,10k-20k,social_commerce,2023-02-28,2025-12-03,5,7248.06,1035.44,0.0,0.138,32,0.701,0.272,0.242,gold,24,0.086,28,menswear,0,0.2636,10956.88,7,2023-06-28,2025-12-03,8152.68,904.62,7248.0599999999995,1035.4371428571428,34,51,13,4,0,0,,,28,1,12,5,2,8.3725,6.928571428571429,0.8571428571428571,0.3076923076923077,0.0,0.5283678571428572,0.4032054794520548
CUST-0000125,M,48,Sudeste,Vitória,20k+,search,2024-08-25,2025-11-26,8,4988.6,712.66,0.02,0.0,85,0.371,0.123,0.067,platinum,26,0.098,35,tops,0,0.1626,7882.58,7,2024-11-14,2025-11-26,5351.16,362.55999999999995,4988.6,712.657142857143,20,28,11,6,0,0,,,40,6,17,9,4,7.54825,7.75,0.8571428571428571,0.5454545454545454,0.0,0.5479825,0.43350684931506855
CUST-0000126,M,47,Sudeste,São Paulo,6k-10k,influencer,2025-06-19,2025-08-28,6,5914.65,985.78,0.309,0.0,0,0.457,0.117,0.066,gold,25,0.077,125,dresses,0,0.4085,8770.49,6,2025-06-25,2025-08-28,7548.03,1633.38,5914.650000000001,985.7750000000001,27,43,19,1,0,1,3.23,3.72,37,4,17,6,6,6.947567567567567,9.405405405405405,0.8333333333333334,0.05263157894736842,0.0,0.5383945945945946,0.4640958904109589
CUST-0000127,M,36,Centro-Oeste,Cuiabá,Até 3k,social_commerce,2023-05-24,2025-07-19,3,2236.94,447.39,0.0,0.055,12,0.478,0.125,0.116,bronze,27,0.037,165,tops,0,0.5595,3010.55,5,2023-05-30,2025-07-19,2489.68,252.73999999999998,2236.94,447.38800000000003,13,16,3,0,0,0,,,16,0,6,6,3,4.76,6.0,0.8,0.0,0.0,0.4726,0.5572465753424658
CUST-0000128,F,27,Centro-Oeste,Brasília,20k+,influencer,2024-02-03,2025-11-16,10,3960.21,660.04,0.355,0.0,41,0.546,0.147,0.233,platinum,26,0.125,45,tops,0,0.1635,6217.24,6,2024-09-14,2025-11-16,4583.8099999999995,623.5999999999999,3960.21,660.035,18,25,7,2,0,0,,,33,2,17,10,6,6.81,7.181818181818182,0.8333333333333334,0.2857142857142857,0.0,0.5362818181818181,0.40979452054794524
CUST-0000129,M,24,Nordeste,Fortaleza,10k-20k,organic,2023-11-10,2025-11-30,9,4488.84,561.1,0.0,0.005,70,0.628,0.219,0.232,platinum,25,0.171,31,shoes,0,0.1049,7327.46,8,2024-01-13,2025-11-30,4894.66,405.82,4488.84,561.105,23,35,13,5,2,1,5.0,5.87,24,3,16,10,4,7.750833333333333,7.75,0.875,0.38461538461538464,0.15384615384615385,0.5920916666666666,0.33919178082191775
CUST-0000130,F,40,Sudeste,Rio de Janeiro,3k-6k,search,2023-11-29,2025-10-21,4,5556.66,926.11,0.0,0.009,45,0.401,0.095,0.266,gold,25,0.019,71,tops,0,0.2456,8402.43,6,2024-02-15,2025-10-21,6270.68,714.02,5556.660000000001,926.1100000000001,24,37,17,4,0,2,3.01,28.13,34,2,15,7,4,7.935882352941176,6.617647058823529,0.8333333333333334,0.23529411764705882,0.0,0.5323,0.5043424657534247
CUST-0000131,M,40,Nordeste,Recife,10k-20k,influencer,2023-07-09,2025-11-11,8,9400.67,854.61,0.0,0.039,0,0.459,0.096,0.16,platinum,38,0.149,50,activewear,0,0.1723,15010.56,11,2023-08-25,2025-11-11,9939.1,538.4300000000001,9400.67,854.6063636363637,37,55,13,3,0,1,4.52,6.43,43,8,17,13,8,7.362093023255814,7.465116279069767,0.9090909090909091,0.23076923076923078,0.0,0.5492023255813953,0.6274383561643836
CUST-0000132,F,50,Nordeste,Fortaleza,Até 3k,search,2025-01-22,2025-07-07,1,667.64,667.64,0.274,0.282,0,0.308,0.087,0.132,bronze,15,0.073,177,accessories,1,0.6463,648.2,1,2025-07-07,2025-07-07,775.66,108.02,667.64,667.64,4,7,7,1,0,0,,,8,0,3,2,2,4.495,3.625,0.0,0.14285714285714285,0.0,0.46995,0.28519178082191776
CUST-0000133,M,48,Sudeste,Belo Horizonte,6k-10k,search,2025-01-03,2025-11-04,7,2983.71,745.93,0.0,0.114,0,0.171,0.045,0.045,gold,16,0.099,57,tops,0,0.2885,4344.49,4,2025-01-22,2025-11-04,3282.3,298.59000000000003,2983.71,745.9275,16,24,20,5,1,1,3.09,55.21,26,2,14,7,4,7.02,7.461538461538462,0.75,0.25,0.05,0.5471230769230769,0.23973972602739727
CUST-0000134,M,35,Nordeste,Natal,3k-6k,search,2023-12-05,2025-10-26,4,1843.8,921.9,0.0,0.0,0,0.364,0.156,0.105,bronze,32,0.059,66,bottoms,0,0.3826,2335.44,2,2025-02-24,2025-10-26,2084.34,240.54,1843.8,921.9,8,12,3,1,1,0,,,22,5,5,5,1,4.666818181818182,6.863636363636363,0.5,0.3333333333333333,0.3333333333333333,0.4989409090909091,0.6026986301369862
CUST-0000135,F,22,Sudeste,Belo Horizonte,6k-10k,paid_social,2024-12-04,2025-11-09,7,4402.25,733.71,0.057,0.0,24,0.544,0.194,0.07,gold,31,0.156,52,bottoms,0,0.2212,6750.91,6,2024-12-22,2025-11-09,4978.58,576.33,4402.25,733.7083333333334,23,35,11,0,0,1,4.25,9.82,25,2,12,7,3,7.3596,9.28,0.8333333333333334,0.0,0.0,0.539596,0.48109589041095885
CUST-0000136,M,32,Sudeste,Vitória,10k-20k,paid_social,2023-08-01,2025-11-14,5,4837.57,967.51,0.194,0.0,0,0.767,0.148,0.172,platinum,20,0.173,47,tops,0,0.1618,7451.3,5,2023-11-29,2025-11-14,5260.88,423.31,4837.57,967.5139999999999,20,32,13,2,0,1,5.0,6.7,34,2,17,6,5,6.926764705882353,7.794117647058823,0.8,0.15384615384615385,0.0,0.5339735294117647,0.2424520547945206
CUST-0000137,F,38,Sul,Florianópolis,Até 3k,social_commerce,2024-10-20,2025-06-08,2,1352.97,676.48,0.0,0.0,2,0.455,0.104,0.403,bronze,10,0.032,206,shoes,1,0.5781,1608.77,2,2025-02-22,2025-06-08,1558.48,205.51,1352.97,676.485,6,9,6,2,0,1,3.19,83.78,9,1,0,0,0,6.81,4.333333333333333,0.5,0.3333333333333333,0.0,0.44587777777777776,0.23572602739726028
CUST-0000138,M,34,Sudeste,Rio de Janeiro,10k-20k,influencer,2023-09-01,2025-12-30,4,6541.81,1090.3,0.0,0.03,99,0.316,0.068,0.307,gold,24,0.077,1,menswear,0,0.2005,10039.08,6,2023-12-02,2025-12-30,7331.81,790.0,6541.8099999999995,1090.3016666666665,29,44,15,4,0,0,,,46,7,19,9,2,8.159782608695652,8.217391304347826,0.8333333333333334,0.26666666666666666,0.0,0.55225,0.40332876712328763
CUST-0000139,F,30,Sudeste,Campinas,Até 3k,social_commerce,2023-12-12,2025-11-15,3,2014.15,1007.08,0.0,0.0,13,0.65,0.219,0.253,bronze,26,0.136,46,dresses,0,0.3827,2550.6,2,2025-01-20,2025-11-15,2255.42,241.27,2014.15,1007.075,8,13,6,0,0,0,,,14,2,7,2,1,5.749285714285714,7.357142857142857,0.5,0.0,0.0,0.5432071428571428,0.3991232876712329
CUST-0000140,M,39,Norte,Belém,20k+,paid_social,2023-01-01,2025-12-02,10,3766.31,753.26,0.179,0.0,0,0.507,0.131,0.328,platinum,25,0.199,29,tops,0,0.2664,5602.19,5,2023-09-18,2025-12-02,4043.8100000000004,277.5,3766.31,753.262,15,22,16,5,0,0,,,34,3,8,5,1,7.362058823529412,6.735294117647059,0.8,0.3125,0.0,0.4927382352941176,0.31053424657534245
CUST-0000141,F,30,Centro-Oeste,Goiânia,6k-10k,search,2024-06-17,2025-11-11,6,7451.66,1490.33,0.0,0.0,21,0.368,0.088,0.44,gold,25,0.088,50,accessories,0,0.2695,10947.32,5,2024-09-21,2025-11-11,8620.029999999999,1168.3700000000001,7451.66,1490.3319999999999,29,44,20,3,1,0,,,33,7,10,7,1,6.947878787878788,7.03030303030303,0.8,0.15,0.05,0.5331151515151515,0.4284383561643836
CUST-0000142,M,29,Sul,Porto Alegre,10k-20k,paid_social,2023-09-20,2025-12-21,6,6447.71,1074.62,0.492,0.0,73,0.329,0.08,0.079,gold,12,0.078,10,shoes,0,0.18,10346.44,6,2023-12-16,2025-12-21,8167.34,1719.63,6447.71,1074.6183333333333,36,50,15,4,0,0,,,31,3,13,7,4,7.438709677419355,6.67741935483871,0.8333333333333334,0.26666666666666666,0.0,0.5324516129032257,0.1652876712328767
CUST-0000143,M,39,Norte,Manaus,3k-6k,social_commerce,2023-01-01,2025-08-20,1,2962.27,592.45,0.0,0.042,6,0.632,0.126,0.406,bronze,27,0.006,133,tops,0,0.3787,4293.56,5,2023-08-07,2025-08-20,3421.4900000000002,459.22,2962.27,592.454,13,21,9,0,0,3,3.36,17.286666666666665,2,2,0,0,0,5.05,6.5,0.8,0.0,0.0,0.6505,0.5777260273972603
CUST-0000144,M,32,Centro-Oeste,Goiânia,6k-10k,organic,2023-01-01,2025-12-13,6,7286.15,1040.88,0.0,0.182,26,0.386,0.093,0.097,gold,16,0.084,18,tops,0,0.2091,11241.46,7,2023-07-20,2025-12-13,8237.06,950.9100000000001,7286.15,1040.8785714285714,31,42,15,4,0,0,,,34,3,12,8,1,8.372941176470588,7.117647058823529,0.8571428571428571,0.26666666666666666,0.0,0.5263764705882352,0.24191780821917808
CUST-0000145,M,39,Sudeste,São Paulo,3k-6k,paid_social,2024-07-25,2025-12-02,3,4191.04,1047.76,0.032,0.104,59,0.26,0.082,0.214,gold,8,0.102,29,accessories,0,0.1777,6289.02,4,2024-08-02,2025-12-02,4751.21,560.17,4191.04,1047.76,22,30,10,4,0,0,,,38,4,15,8,2,7.262105263157895,8.657894736842104,0.75,0.4,0.0,0.5278842105263157,0.06753424657534247
CUST-0000146,M,39,Sul,Joinville,Até 3k,social_commerce,2023-01-01,2025-11-25,6,7470.43,1067.2,0.341,0.0,30,0.424,0.104,0.182,bronze,13,0.094,36,dresses,0,0.2816,11838.79,7,2023-06-07,2025-11-25,9634.3,2163.87,7470.429999999999,1067.2042857142856,39,56,8,2,1,1,5.0,5.05,19,1,8,5,1,4.977368421052632,6.7368421052631575,0.8571428571428571,0.25,0.125,0.49714210526315783,0.17783561643835616
CUST-0000147,M,23,Sudeste,Vitória,Até 3k,paid_social,2025-02-19,2025-09-08,5,7948.34,1135.48,0.0,0.061,0,0.458,0.1,0.072,bronze,27,0.059,114,tops,0,0.3788,11478.23,7,2025-02-25,2025-09-08,8865.96,917.62,7948.34,1135.4771428571428,37,60,12,3,0,1,2.96,24.22,19,1,12,8,4,5.1489473684210525,6.7894736842105265,0.8571428571428571,0.25,0.0,0.5409631578947368,0.5184794520547945
CUST-0000148,F,31,Sudeste,Campinas,3k-6k,paid_social,2024-08-17,2025-12-28,7,4685.71,937.14,0.0,0.06,37,0.312,0.135,0.138,gold,32,0.018,3,dresses,0,0.1962,7128.4,5,2024-12-20,2025-12-28,5249.92,564.21,4685.71,937.142,23,34,12,3,1,0,,,32,3,12,7,2,7.33375,6.90625,0.8,0.25,0.08333333333333333,0.521775,0.622986301369863
CUST-0000149,M,52,Nordeste,Fortaleza,6k-10k,paid_social,2023-01-01,2025-12-24,7,2599.06,649.76,0.197,0.041,39,0.555,0.24,0.067,gold,31,0.101,7,bottoms,0,0.2699,3831.47,4,2023-04-30,2025-12-24,2859.74,260.68,2599.06,649.765,14,18,13,2,0,0,,,48,4,24,13,2,7.941041666666667,6.770833333333333,0.75,0.15384615384615385,0.0,0.55024375,0.5213013698630137
CUST-0000150,F,23,Sul,Florianópolis,10k-20k,search,2024-01-31,2025-11-09,7,1792.22,597.41,0.191,0.0,0,0.748,0.305,0.08,platinum,21,0.109,52,tops,0,0.235,2620.13,3,2024-05-10,2025-11-09,2033.98,241.76000000000002,1792.22,597.4066666666666,11,16,10,2,0,0,,,36,6,14,9,5,7.669166666666666,8.083333333333334,0.6666666666666666,0.2,0.0,0.5461361111111112,0.3280958904109589
CUST-0000151,M,18,Sul,Porto Alegre,3k-6k,social_commerce,2023-12-26,2025-10-09,1,2895.72,965.24,0.129,0.172,0,0.739,0.158,0.178,bronze,35,0.077,83,dresses,0,0.3704,3930.36,3,2024-02-17,2025-10-09,3416.28,520.56,2895.72,965.2399999999999,14,18,8,1,0,0,,,13,3,5,3,0,5.066923076923077,7.384615384615385,0.6666666666666666,0.125,0.0,0.5352846153846154,0.6502876712328767
CUST-0000152,F,18,Sudeste,Rio de Janeiro,6k-10k,organic,2023-09-17,2025-12-10,1,1632.34,1632.34,0.041,0.0,2,0.317,0.059,0.293,bronze,19,0.087,21,shoes,0,0.312,1600.24,1,2025-12-10,2025-12-10,1706.71,74.37,1632.34,1632.34,5,7,9,2,0,0,,,12,1,7,2,2,3.4466666666666668,8.5,0.0,0.2222222222222222,0.0,0.5219666666666667,0.2999041095890411
CUST-0000153,F,36,Sudeste,Belo Horizonte,20k+,paid_social,2024-05-13,2025-12-15,9,7649.07,764.91,0.01,0.043,89,0.513,0.218,0.218,platinum,22,0.172,16,dresses,0,0.026,12847.67,10,2024-06-16,2025-12-15,8049.450000000001,400.38,7649.07,764.9069999999999,30,49,14,9,0,0,,,38,4,17,13,10,7.732631578947368,6.2368421052631575,0.9,0.6428571428571429,0.0,0.5431157894736842,0.2732602739726028
CUST-0000154,F,36,Centro-Oeste,Cuiabá,3k-6k,influencer,2024-01-03,2025-09-15,3,8384.11,1397.35,0.09,0.0,82,0.279,0.104,0.098,gold,31,0.094,107,dresses,0,0.302,12336.26,6,2024-01-16,2025-09-15,9813.34,1429.23,8384.11,1397.3516666666667,39,58,12,6,0,0,,,34,5,13,5,2,8.02,8.147058823529411,0.8333333333333334,0.5,0.0,0.543435294117647,0.5611780821917809
CUST-0000155,F,35,Sudeste,Rio de Janeiro,20k+,social_commerce,2023-11-30,2025-11-07,7,4303.99,538.0,0.065,0.0,18,0.547,0.127,0.188,platinum,3,0.125,54,dresses,0,0.1582,6888.27,8,2024-01-28,2025-11-07,4593.62,289.63,4303.99,537.99875,19,26,15,3,2,2,3.91,13.855,31,6,14,8,6,6.304193548387097,7.258064516129032,0.875,0.2,0.13333333333333333,0.5517516129032258,0.0
CUST-0000156,F,49,Sudeste,Belo Horizonte,6k-10k,organic,2023-07-16,2025-12-09,12,2148.07,716.02,0.0,0.015,0,0.732,0.252,0.03,silver,24,0.067,22,tops,0,0.3061,2999.92,3,2023-07-17,2025-12-09,2477.49,329.41999999999996,2148.07,716.0233333333334,12,17,6,1,0,1,3.66,8.02,12,1,1,1,0,5.185,6.5,0.6666666666666666,0.16666666666666666,0.0,0.43934999999999996,0.42023287671232873
CUST-0000157,M,18,Sudeste,Rio de Janeiro,Até 3k,influencer,2025-01-18,2025-09-27,3,1979.03,659.68,0.0,0.02,2,0.724,0.179,0.507,bronze,29,0.07,95,accessories,0,0.4097,2679.99,3,2025-04-23,2025-09-27,2165.16,186.13,1979.0300000000002,659.6766666666667,9,13,11,3,0,2,4.075,6.68,18,2,6,5,1,4.526666666666667,7.444444444444445,0.6666666666666666,0.2727272727272727,0.0,0.4897111111111111,0.5412328767123288
CUST-0000158,M,40,Sul,Porto Alegre,6k-10k,store,2023-08-08,2025-11-29,5,9864.12,1096.01,0.0,0.0,0,0.506,0.14,0.246,silver,29,0.059,32,shoes,0,0.2555,15108.19,9,2023-12-10,2025-11-29,11214.09,1349.97,9864.12,1096.0133333333333,44,61,6,1,0,2,3.4050000000000002,54.5,20,1,8,6,3,5.0905000000000005,9.15,0.8888888888888888,0.16666666666666666,0.0,0.493405,0.5315205479452054
CUST-0000159,F,53,Sul,Porto Alegre,6k-10k,organic,2023-06-15,2025-12-27,4,6121.58,680.18,0.282,0.059,2,0.399,0.136,0.139,silver,17,0.09,4,accessories,0,0.178,10626.86,9,2023-08-29,2025-12-27,8184.98,2063.4,6121.58,680.1755555555555,35,52,10,2,0,1,3.88,5.56,18,1,8,5,2,3.8716666666666666,6.277777777777778,0.8888888888888888,0.2,0.0,0.49149444444444446,0.25131506849315066
CUST-0000160,M,24,Sul,Curitiba,Até 3k,search,2025-02-18,2025-10-14,2,1395.76,697.88,0.111,0.23,26,0.762,0.176,0.033,bronze,28,0.066,78,accessories,0,0.3605,1814.73,2,2025-04-17,2025-10-14,1704.6999999999998,308.94,1395.76,697.88,6,9,13,1,0,0,,,21,0,9,6,3,4.713333333333333,7.857142857142857,0.5,0.07692307692307693,0.0,0.4828476190476191,0.5196438356164385
CUST-0000161,M,32,Sudeste,São Paulo,10k-20k,store,2024-06-03,2025-12-09,9,5306.23,589.58,0.0,0.0,126,0.339,0.086,0.263,platinum,39,0.154,22,bottoms,0,0.1014,8682.43,9,2024-06-06,2025-12-09,5567.53,261.3,5306.2300000000005,589.5811111111111,22,34,11,4,0,0,,,34,5,13,6,3,8.169117647058824,7.176470588235294,0.8888888888888888,0.36363636363636365,0.0,0.5449264705882353,0.6332328767123288
CUST-0000162,F,28,Sudeste,São Paulo,3k-6k,search,2025-07-15,2025-07-15,1,180.46,180.46,0.51,0.122,0,0.178,0.053,0.176,bronze,10,0.019,169,dresses,1,0.6435,297.16,1,2025-07-15,2025-07-15,227.26,46.8,180.46,180.46,1,2,7,2,0,0,,,12,3,5,3,1,4.979166666666667,5.0,0.0,0.2857142857142857,0.0,0.545625,0.23656164383561645
CUST-0000163,F,26,Norte,Belém,Até 3k,social_commerce,2024-08-14,2025-12-26,5,3339.8,834.95,0.0,0.0,0,0.216,0.093,0.303,bronze,38,0.093,5,menswear,0,0.3355,4757.99,4,2025-01-09,2025-12-26,3749.26,409.46000000000004,3339.8,834.95,17,25,6,2,0,1,2.94,14.07,14,1,9,7,3,4.759285714285714,8.0,0.75,0.3333333333333333,0.0,0.5440214285714285,0.6686438356164384
CUST-0000164,F,32,Nordeste,Salvador,10k-20k,paid_social,2023-03-30,2025-11-16,5,11210.41,862.34,0.036,0.0,0,0.673,0.203,0.107,platinum,24,0.127,45,dresses,0,0.1194,18323.28,13,2023-06-07,2025-11-16,11937.74,727.33,11210.41,862.3392307692308,36,53,8,3,0,0,,,33,5,10,3,2,6.807878787878788,7.393939393939394,0.9230769230769231,0.375,0.0,0.5165636363636363,0.3677945205479452
CUST-0000165,M,52,Nordeste,Fortaleza,10k-20k,search,2024-06-19,2025-12-07,6,5623.83,624.87,0.579,0.07,41,0.383,0.134,0.094,gold,19,0.08,24,tops,0,0.2724,9345.06,9,2024-10-21,2025-12-07,7426.56,1802.73,5623.83,624.87,30,44,18,6,1,0,,,33,8,16,4,2,7.49,7.212121212121212,0.8888888888888888,0.3333333333333333,0.05555555555555555,0.5824757575757575,0.3078904109589041
CUST-0000166,F,56,Nordeste,Salvador,3k-6k,organic,2023-08-08,2025-12-14,4,2392.52,1196.26,0.0,0.0,0,0.392,0.172,0.329,bronze,30,0.02,17,shoes,0,0.3042,3075.53,2,2024-05-10,2025-12-14,2786.47,393.95000000000005,2392.52,1196.26,11,20,7,1,0,0,,,13,0,5,3,1,5.903846153846154,6.461538461538462,0.5,0.14285714285714285,0.0,0.48596153846153844,0.5855890410958904
CUST-0000167,M,32,Nordeste,Recife,6k-10k,influencer,2023-06-04,2025-12-17,1,1396.24,1396.24,0.665,0.0,14,0.515,0.133,0.094,bronze,24,0.071,14,shoes,0,0.4428,1367.18,1,2025-12-17,2025-12-17,1776.94,380.7,1396.24,1396.24,8,12,9,2,0,2,4.404999999999999,12.465,22,0,9,5,4,5.3554545454545455,8.5,0.0,0.2222222222222222,0.0,0.4853727272727273,0.41360273972602735
CUST-0000168,M,57,Sudeste,Belo Horizonte,Até 3k,search,2023-08-27,2025-11-13,2,2081.07,2081.07,0.0,0.0,0,0.335,0.138,0.177,bronze,12,0.049,48,tops,0,0.4114,1906.81,1,2025-11-13,2025-11-13,2467.88,386.81,2081.07,2081.07,8,13,8,0,0,1,1.08,23.23,12,0,3,1,1,4.785,6.333333333333333,0.0,0.0,0.0,0.44784999999999997,0.20678082191780822
CUST-0000169,F,36,Sudeste,Vitória,3k-6k,store,2025-06-27,2025-12-26,7,3000.04,1000.01,0.585,0.097,0,0.353,0.118,0.4,bronze,21,0.074,5,bottoms,0,0.3396,4153.02,3,2025-07-02,2025-12-26,3709.04,709.0,3000.04,1000.0133333333333,14,21,8,1,1,1,3.69,37.99,22,2,7,4,2,3.9172727272727275,7.0,0.6666666666666666,0.125,0.125,0.47553636363636365,0.34764383561643836
CUST-0000170,M,55,Sul,Florianópolis,3k-6k,organic,2024-04-02,2025-06-26,2,2743.29,548.66,0.0,0.053,11,0.314,0.094,0.368,bronze,13,0.074,188,tops,0,0.5122,3738.46,5,2024-05-10,2025-06-26,3281.8,538.51,2743.29,548.658,12,21,14,1,0,0,,,11,0,5,4,3,4.500909090909091,3.1818181818181817,0.8,0.07142857142857142,0.0,0.4859181818181818,0.24780821917808218
CUST-0000171,M,35,Sudeste,Vitória,Até 3k,search,2023-08-02,2025-12-11,3,6211.63,1242.33,0.0,0.0,5,0.414,0.164,0.509,bronze,21,0.048,20,dresses,0,0.2501,9204.65,5,2024-05-08,2025-12-11,7271.0,1059.3700000000001,6211.63,1242.326,29,45,15,2,0,1,2.55,9.51,24,3,7,1,0,4.620833333333334,6.25,0.8,0.13333333333333333,0.0,0.4857916666666667,0.3785753424657534
CUST-0000172,F,37,Norte,Belém,6k-10k,influencer,2023-03-12,2025-12-21,8,6548.11,935.44,0.016,0.007,0,0.471,0.191,0.065,gold,26,0.111,10,dresses,0,0.1884,10190.17,7,2023-06-04,2025-12-21,7477.05,928.94,6548.110000000001,935.4442857142858,31,47,8,3,0,1,3.54,5.98,37,3,12,6,4,7.1702702702702705,7.162162162162162,0.8571428571428571,0.375,0.0,0.5068378378378379,0.41228767123287674
CUST-0000173,F,40,Sul,Curitiba,3k-6k,search,2023-04-11,2025-11-12,5,9649.97,1072.22,0.109,0.097,0,0.346,0.112,0.062,bronze,28,0.02,49,bottoms,0,0.3167,14453.34,9,2023-06-15,2025-11-12,10777.800000000001,1127.8300000000002,9649.97,1072.2188888888888,43,63,11,1,0,3,3.813333333333333,12.36,17,3,8,5,2,5.749411764705882,7.352941176470588,0.8888888888888888,0.09090909090909091,0.0,0.5457294117647059,0.556109589041096
CUST-0000174,F,71,Nordeste,Recife,Até 3k,influencer,2024-04-10,2025-11-03,1,504.92,504.92,0.632,0.0,0,0.505,0.225,0.109,bronze,30,0.018,58,shoes,0,0.5125,548.46,1,2025-11-03,2025-11-03,649.86,144.94,504.92,504.92,2,4,9,1,0,0,,,5,0,0,0,0,4.7,1.6,0.0,0.1111111111111111,0.0,0.39699999999999996,0.6010684931506849
CUST-0000175,F,45,Norte,Porto Velho,10k-20k,search,2023-01-01,2025-12-15,4,1646.11,548.7,0.218,0.024,43,0.62,0.138,0.309,platinum,24,0.102,16,accessories,0,0.1215,2523.18,3,2023-10-15,2025-12-15,1792.52,146.41,1646.11,548.7033333333333,8,13,11,5,0,0,,,34,8,14,9,7,7.673235294117647,7.911764705882353,0.6666666666666666,0.45454545454545453,0.0,0.5679088235294117,0.38326027397260276
CUST-0000176,F,28,Sul,Joinville,20k+,paid_social,2024-04-27,2025-11-26,9,3669.83,733.97,0.135,0.152,28,0.635,0.271,0.428,platinum,3,0.168,35,activewear,0,0.1576,5699.28,5,2024-05-16,2025-11-26,3944.26,274.43,3669.83,733.966,16,25,13,6,0,1,4.31,10.86,32,7,10,8,4,7.3671875,6.5,0.8,0.46153846153846156,0.0,0.5408593749999999,0.0
CUST-0000177,M,47,Centro-Oeste,Cuiabá,10k-20k,organic,2023-08-21,2025-11-03,4,9762.87,1084.76,0.274,0.15,99,0.173,0.072,0.164,gold,20,0.095,58,accessories,0,0.3257,14967.29,9,2023-08-23,2025-11-03,12232.1,2469.23,9762.87,1084.7633333333333,43,62,11,4,1,1,2.81,22.69,36,5,18,12,6,7.157777777777778,7.638888888888889,0.8888888888888888,0.36363636363636365,0.09090909090909091,0.5562999999999999,0.324068493150685
CUST-0000178,F,32,Sul,Joinville,3k-6k,store,2023-05-16,2025-09-18,4,618.2,618.2,0.152,0.107,0,0.369,0.142,0.239,bronze,21,0.057,104,shoes,1,0.5697,633.29,1,2025-09-18,2025-09-18,652.31,34.11,618.2,618.2,4,4,7,1,0,1,3.55,32.45,11,2,3,2,1,4.411818181818182,3.8181818181818183,0.0,0.14285714285714285,0.0,0.49411818181818185,0.3971917808219178
CUST-0000179,F,31,Norte,Belém,6k-10k,organic,2025-01-30,2025-12-15,2,1035.1,1035.1,0.698,0.114,0,0.673,0.175,0.448,bronze,10,0.042,16,dresses,0,0.4277,1085.39,1,2025-12-15,2025-12-15,1367.25,332.15,1035.1,1035.1,6,9,13,0,0,2,2.4,25.235,18,2,4,3,0,4.946111111111112,7.666666666666667,0.0,0.0,0.0,0.47168333333333334,0.16326027397260273
CUST-0000180,M,46,Sudeste,Belo Horizonte,10k-20k,organic,2023-01-01,2025-10-16,4,5542.44,923.74,0.0,0.107,0,0.68,0.168,0.099,silver,31,0.081,76,menswear,0,0.3208,8138.84,6,2023-04-22,2025-10-16,6308.389999999999,765.95,5542.44,923.7399999999999,27,39,8,1,0,0,,,22,3,9,6,2,4.702272727272727,9.863636363636363,0.8333333333333334,0.125,0.0,0.5129318181818181,0.563986301369863
CUST-0000181,F,36,Sul,Joinville,3k-6k,social_commerce,2023-01-01,2025-12-20,3,949.05,949.05,0.698,0.036,0,0.097,0.033,0.213,bronze,29,0.076,11,dresses,0,0.4672,944.78,1,2025-12-20,2025-12-20,1091.34,142.29,949.05,949.05,6,8,6,1,0,1,3.7,12.45,19,1,11,4,2,6.005263157894737,9.052631578947368,0.0,0.16666666666666666,0.0,0.539,0.5076164383561644
CUST-0000182,M,39,Sul,Curitiba,Até 3k,social_commerce,2023-08-16,2025-11-12,1,5366.04,1341.51,0.0,0.063,0,0.31,0.125,,bronze,24,0.054,49,outerwear,0,0.2802,7696.32,4,2024-08-24,2025-11-12,6179.05,813.01,5366.04,1341.51,20,35,6,1,0,0,,,19,1,6,3,1,5.275789473684211,7.0,0.75,0.16666666666666666,0.0,0.4790736842105263,0.4421095890410959
CUST-0000183,M,36,Sudeste,Rio de Janeiro,6k-10k,social_commerce,2023-08-13,2025-11-13,4,2157.84,539.46,0.447,0.0,0,0.215,0.082,0.281,gold,34,0.101,48,tops,0,0.2965,3497.46,4,2023-12-12,2025-11-13,2911.76,753.92,2157.84,539.46,13,21,14,3,0,0,,,40,6,18,8,4,7.2219999999999995,6.875,0.75,0.21428571428571427,0.0,0.54972,0.5947808219178083
CUST-0000184,F,40,Sudeste,Vitória,Até 3k,search,2023-01-01,2025-08-03,3,1590.18,795.09,0.365,0.0,0,0.547,0.104,0.318,bronze,28,0.077,150,tops,1,0.585,1877.37,2,2024-05-10,2025-08-03,1937.38,347.2,1590.1799999999998,795.0899999999999,6,10,11,3,0,1,3.75,9.64,16,2,5,1,0,5.109375,7.5625,0.5,0.2727272727272727,0.0,0.49484374999999997,0.5323150684931507
CUST-0000185,F,41,Centro-Oeste,Goiânia,3k-6k,search,2023-05-04,2025-12-03,3,2587.69,1293.84,0.068,0.0,8,0.593,0.206,0.244,bronze,9,0.078,28,dresses,0,0.2879,3337.27,2,2023-08-04,2025-12-03,2992.58,404.89,2587.69,1293.845,13,19,17,1,1,0,,,14,0,6,4,1,5.617857142857142,6.857142857142857,0.5,0.058823529411764705,0.058823529411764705,0.49189285714285713,0.11120547945205479
CUST-0000186,O,18,Nordeste,Salvador,10k-20k,store,2023-01-01,2025-11-07,5,10051.15,1256.39,0.272,0.165,8,0.282,0.103,0.063,silver,34,0.119,54,tops,0,0.3617,14861.82,8,2023-04-27,2025-11-07,12410.95,2359.7999999999997,10051.15,1256.39375,48,71,16,2,0,2,3.455,20.055,18,4,4,2,0,5.012222222222222,8.277777777777779,0.875,0.125,0.0,0.5001222222222222,0.5787534246575343
CUST-0000187,M,43,Sudeste,Belo Horizonte,3k-6k,influencer,2024-03-07,2025-12-08,5,4176.28,1044.07,0.75,0.085,48,0.407,0.086,0.521,bronze,34,0.094,23,accessories,0,0.3856,5852.18,4,2024-07-23,2025-12-08,5144.8,968.52,4176.28,1044.07,18,28,11,2,0,1,3.92,10.45,23,4,11,7,3,4.670434782608695,6.608695652173913,0.75,0.18181818181818182,0.0,0.5358347826086955,0.5935616438356165
CUST-0000188,M,25,Sudeste,Rio de Janeiro,10k-20k,search,2024-04-21,2025-10-24,8,4202.3,700.38,0.005,0.071,19,0.283,0.086,0.179,platinum,38,0.133,68,dresses,0,0.1682,6571.34,6,2024-11-20,2025-10-24,4491.02,288.72,4202.3,700.3833333333333,14,20,10,5,0,0,,,39,4,12,6,3,7.92897435897436,9.179487179487179,0.8333333333333334,0.5,0.0,0.5164692307692308,0.6493561643835617
CUST-0000189,F,20,Sudeste,Vitória,6k-10k,store,2024-10-30,2025-11-03,5,2809.15,702.29,0.129,0.026,3,0.502,0.208,0.085,silver,32,0.098,58,shoes,0,0.2542,4154.35,4,2024-11-02,2025-11-03,3299.73,490.58,2809.15,702.2875,19,26,9,1,0,0,,,17,3,9,3,2,5.56,7.294117647058823,0.75,0.1111111111111111,0.0,0.5556,0.561068493150685
CUST-0000190,M,35,Sudeste,Vitória,3k-6k,influencer,2023-08-21,2025-12-10,1,4227.61,845.52,0.0,0.0,0,0.438,0.09,0.252,bronze,31,0.033,21,accessories,0,0.3568,6057.77,5,2023-11-28,2025-12-10,4972.08,744.47,4227.610000000001,845.5220000000002,18,27,14,0,0,0,,,13,0,6,5,3,5.163076923076924,7.769230769230769,0.8,0.0,0.0,0.49393846153846155,0.593904109589041
CUST-0000191,M,37,Centro-Oeste,Brasília,Até 3k,search,2024-11-13,2025-10-07,3,264.26,132.13,0.265,0.0,6,0.218,0.097,0.159,bronze,17,0.054,85,accessories,0,0.477,511.37,2,2025-01-04,2025-10-07,370.35,106.09,264.26,132.13,2,3,8,3,0,1,4.09,13.83,9,1,7,4,1,5.0633333333333335,4.555555555555555,0.5,0.375,0.0,0.5839666666666666,0.3139452054794521
CUST-0000192,F,28,Sul,Florianópolis,3k-6k,paid_social,2023-02-24,2025-12-03,6,6019.81,1003.3,0.0,0.0,36,0.762,0.269,0.208,bronze,32,0.067,28,accessories,0,0.2757,8967.75,6,2023-06-26,2025-12-03,6823.17,803.36,6019.81,1003.3016666666667,24,36,11,3,0,1,2.78,11.52,17,2,3,2,1,4.777058823529412,8.058823529411764,0.8333333333333334,0.2727272727272727,0.0,0.46247647058823527,0.5822054794520547
CUST-0000193,M,45,Sudeste,Vitória,20k+,social_commerce,2024-01-06,2025-11-16,4,4342.99,620.43,0.04,0.052,51,0.336,0.069,0.241,platinum,17,0.171,45,accessories,0,0.1385,6936.39,7,2024-03-12,2025-11-16,4764.0,421.01,4342.99,620.4271428571428,21,34,20,8,1,1,3.62,72.7,34,3,13,12,6,7.770294117647059,8.264705882352942,0.8571428571428571,0.4,0.05,0.5262323529411764,0.1837945205479452
CUST-0000194,M,21,Sul,Florianópolis,3k-6k,organic,2023-12-03,2025-11-02,2,1634.59,817.3,0.186,0.0,13,0.046,0.014,0.148,bronze,18,0.073,59,bottoms,0,0.3827,2092.3,2,2025-01-23,2025-11-02,1847.91,213.32000000000002,1634.5900000000001,817.2950000000001,11,14,6,1,0,0,,,25,3,12,9,5,4.468,8.48,0.5,0.16666666666666666,0.0,0.52068,0.30639726027397257
CUST-0000195,F,32,Sudeste,Rio de Janeiro,10k-20k,paid_social,2024-10-27,2025-11-27,8,7296.03,1042.29,0.0,0.119,12,0.715,0.185,0.106,platinum,25,0.155,34,dresses,0,0.1373,11563.34,7,2024-11-13,2025-11-27,7666.049999999999,370.02,7296.03,1042.29,26,43,12,1,0,1,4.86,15.3,41,6,18,8,6,7.206585365853658,7.7560975609756095,0.8571428571428571,0.08333333333333333,0.0,0.5464560975609756,0.3561780821917808
CUST-0000196,F,30,Sudeste,Belo Horizonte,20k+,paid_social,2023-12-20,2025-10-25,7,6083.34,608.33,0.0,0.123,0,0.829,0.332,0.114,platinum,30,0.194,67,shoes,0,0.171,9731.38,10,2024-01-03,2025-10-25,6447.4800000000005,364.14,6083.34,608.3340000000001,26,37,16,5,1,0,,,36,6,14,9,3,7.208333333333333,8.305555555555555,0.9,0.3125,0.0625,0.5415277777777778,0.42802739726027395
CUST-0000197,M,35,Nordeste,Fortaleza,6k-10k,search,2024-01-29,2025-12-06,3,2575.68,858.56,0.357,0.0,89,0.493,0.136,0.216,gold,35,0.078,25,dresses,0,0.305,3682.58,3,2024-10-24,2025-12-06,3229.45,653.77,2575.6800000000003,858.5600000000001,13,19,16,5,0,0,,,29,2,7,2,0,6.446896551724138,7.379310344827586,0.6666666666666666,0.3125,0.0,0.4799862068965517,0.6302191780821917
CUST-0000198,F,39,Nordeste,Fortaleza,6k-10k,social_commerce,2023-06-06,2025-12-10,1,713.13,713.13,0.0,0.0,0,0.237,0.044,0.103,bronze,35,0.044,21,menswear,0,0.3461,757.67,1,2025-12-10,2025-12-10,814.01,100.88,713.13,713.13,4,7,11,4,0,0,,,12,0,4,1,1,5.091666666666667,8.25,0.0,0.36363636363636365,0.0,0.4675833333333333,0.662904109589041
CUST-0000199,F,25,Centro-Oeste,Brasília,10k-20k,organic,2023-07-11,2025-10-19,13,6676.73,741.86,0.0,0.0,88,0.534,0.218,0.433,platinum,32,0.149,73,accessories,0,0.2072,10465.53,9,2023-08-26,2025-10-19,7154.41,477.68,6676.7300000000005,741.8588888888889,25,39,14,4,0,1,4.93,6.67,55,6,18,8,2,7.386,8.018181818181818,0.8888888888888888,0.2857142857142857,0.0,0.5165872727272728,0.515
CUST-0000200,F,44,Nordeste,Recife,Até 3k,paid_social,2024-09-29,2025-11-25,6,6655.83,831.98,0.0,0.0,0,0.724,0.222,0.072,bronze,21,0.09,36,dresses,0,0.2304,10275.44,8,2024-12-02,2025-11-25,7749.66,1093.83,6655.83,831.97875,31,50,9,6,1,1,4.14,0.5,23,1,10,7,3,5.457391304347826,7.260869565217392,0.875,0.6666666666666666,0.1111111111111111,0.5024,0.34183561643835614
